
--
-- Table structure for table `operations`
--

CREATE TABLE IF NOT EXISTS `operations` (
  `id` int(11) NOT NULL,
  `module_id` int(11) NOT NULL,
  `operation_name` varchar(50) CHARACTER SET utf8 NOT NULL,
  `operation_slug` varchar(50) CHARACTER SET utf8 NOT NULL,
  `is_view_vissible` tinyint(1) DEFAULT '0',
  `is_add_vissible` tinyint(1) DEFAULT '0',
  `is_edit_vissible` tinyint(1) DEFAULT '0',
  `is_delete_vissible` tinyint(1) DEFAULT '0',
  `status` tinyint(1) NOT NULL,
  `created_at` datetime NOT NULL,
  `modified_at` datetime NOT NULL,
  `created_by` int(11) NOT NULL,
  `modified_by` int(11) NOT NULL
) ENGINE=MyISAM AUTO_INCREMENT=79 DEFAULT CHARSET=latin1;

--
-- Dumping data for table `operations`
--

INSERT INTO `operations` (`id`, `module_id`, `operation_name`, `operation_slug`, `is_view_vissible`, `is_add_vissible`, `is_edit_vissible`, `is_delete_vissible`, `status`, `created_at`, `modified_at`, `created_by`, `modified_by`) VALUES
(1, 1, 'General Setting', 'setting', 1, 1, 1, 0, 1, '2017-12-12 16:06:25', '2018-02-09 01:24:50', 1, 1),
(2, 1, 'Payment Setting', 'payment', 1, 1, 1, 0, 1, '2017-12-12 16:06:55', '2018-02-09 01:24:40', 1, 1),
(3, 1, 'SMS Setting', 'sms', 1, 1, 1, 0, 1, '2017-12-12 16:07:07', '2018-02-09 01:05:32', 1, 1),
(4, 2, 'Theme', 'theme', 1, 0, 1, 0, 1, '2017-12-12 16:08:39', '2018-01-03 07:02:51', 1, 1),
(5, 3, 'Language', 'language', 1, 1, 1, 1, 1, '2017-12-12 16:09:22', '2018-01-03 07:03:03', 1, 1),
(6, 4, 'Academic Year', 'year', 1, 1, 1, 1, 1, '2017-12-12 16:10:34', '2018-01-03 07:03:18', 1, 1),
(7, 4, 'User Role', 'role', 1, 1, 1, 1, 1, '2017-12-12 16:10:55', '2018-01-03 07:03:31', 1, 1),
(8, 4, 'Role Permission', 'permission', 1, 0, 1, 0, 1, '2017-12-12 16:12:10', '2018-01-03 07:05:00', 1, 1),
(64, 4, 'Reset User Password', 'password', 0, 0, 1, 0, 1, '2017-12-13 20:14:23', '2018-01-03 07:05:11', 1, 1),
(10, 5, 'Designation', 'designation', 1, 1, 1, 1, 1, '2017-12-12 16:15:38', '2018-01-03 07:07:38', 1, 1),
(11, 5, 'Employee', 'employee', 1, 1, 1, 1, 1, '2017-12-12 16:15:55', '2018-01-03 07:19:54', 1, 1),
(12, 6, 'Teacher', 'teacher', 1, 1, 1, 1, 1, '2017-12-12 16:17:22', '2018-01-03 07:25:07', 1, 1),
(14, 7, 'Classes', 'classes', 1, 1, 1, 1, 1, '2017-12-12 16:19:01', '2018-01-03 07:25:17', 1, 1),
(15, 7, 'Section', 'section', 1, 1, 1, 1, 1, '2017-12-12 16:19:24', '2018-01-03 07:25:24', 1, 1),
(16, 7, 'Subject', 'subject', 1, 1, 1, 1, 1, '2017-12-12 16:19:48', '2018-01-03 07:25:33', 1, 1),
(17, 7, 'Syllabus', 'syllabus', 1, 1, 1, 1, 1, '2017-12-12 16:20:32', '2018-01-03 07:25:54', 1, 1),
(18, 7, 'Class Routine', 'routine', 1, 1, 1, 1, 1, '2017-12-12 16:20:56', '2018-01-03 07:26:13', 1, 1),
(19, 7, 'Promotion', 'promotion', 1, 1, 0, 0, 1, '2017-12-12 16:21:17', '2018-02-09 01:42:57', 1, 1),
(20, 8, 'Guardian', 'guardian', 1, 1, 1, 1, 1, '2017-12-12 16:23:32', '2018-01-03 07:29:06', 1, 1),
(21, 9, 'Student', 'student', 1, 1, 1, 1, 1, '2017-12-12 17:58:56', '2018-01-03 07:29:15', 1, 1),
(65, 4, 'Backup Database', 'backup', 1, 0, 0, 0, 1, '2017-12-13 20:14:39', '2018-02-09 01:29:33', 1, 1),
(23, 10, 'Employee Attendance', 'employee', 1, 1, 1, 0, 1, '2017-12-12 18:00:10', '2018-01-03 07:30:19', 1, 1),
(24, 10, 'Teacher Attendance', 'teacher', 1, 1, 1, 0, 1, '2017-12-12 18:00:51', '2018-01-03 07:29:52', 1, 1),
(25, 10, 'Student Attendance', 'student', 1, 1, 1, 0, 1, '2017-12-12 18:01:17', '2018-01-03 07:30:01', 1, 1),
(26, 11, 'Assignment', 'assignment', 1, 1, 1, 1, 1, '2017-12-12 18:02:08', '2018-01-03 07:30:40', 1, 1),
(28, 12, 'Exam Term', 'exam', 1, 1, 1, 1, 1, '2017-12-12 18:03:30', '2018-02-09 01:49:25', 1, 1),
(29, 12, 'Exam Grade', 'grade', 1, 1, 1, 1, 1, '2017-12-12 18:03:56', '2018-01-03 07:31:56', 1, 1),
(30, 12, 'Exam Schedule', 'schedule', 1, 1, 1, 1, 1, '2017-12-12 18:04:58', '2018-01-03 07:32:14', 1, 1),
(31, 12, 'Exam Suggestion', 'suggestion', 1, 1, 1, 1, 1, '2017-12-12 18:05:18', '2018-01-03 07:32:30', 1, 1),
(32, 12, 'Exam Attendance', 'attendance', 1, 1, 1, 0, 1, '2017-12-12 18:05:43', '2018-01-03 07:32:58', 1, 1),
(33, 13, 'Exam Mark', 'mark', 1, 1, 1, 0, 1, '2017-12-12 18:06:04', '2018-01-03 07:33:16', 1, 1),
(34, 13, 'Mark Sheet', 'marksheet', 1, 1, 1, 0, 1, '2017-12-12 18:06:24', '2018-01-03 07:34:08', 1, 1),
(35, 13, 'Exam Result', 'result', 1, 1, 1, 0, 1, '2017-12-12 18:06:41', '2018-01-03 07:34:20', 1, 1),
(37, 14, 'Library Book', 'book', 1, 1, 1, 1, 1, '2017-12-12 18:09:17', '2018-01-03 07:36:02', 1, 1),
(38, 14, 'Library Member', 'member', 1, 1, 0, 1, 1, '2017-12-12 18:09:33', '2018-01-03 07:36:24', 1, 1),
(66, 14, 'Issue & Return', 'issue', 1, 1, 1, 0, 1, '2017-12-14 08:46:37', '2018-01-03 07:37:01', 1, 1),
(40, 15, 'Vehicle', 'vehicle', 1, 1, 1, 1, 1, '2017-12-12 18:10:49', '2018-01-03 07:37:11', 1, 1),
(41, 15, 'Transport Route', 'route', 1, 1, 1, 1, 1, '2017-12-12 18:11:17', '2018-01-03 07:41:27', 1, 1),
(42, 15, 'Transport Member', 'member', 1, 1, 0, 1, 1, '2017-12-12 18:11:39', '2018-01-03 07:41:46', 1, 1),
(43, 16, 'Hostel', 'hostel', 1, 1, 1, 1, 1, '2017-12-12 18:12:16', '2018-01-03 07:41:55', 1, 1),
(44, 16, 'Hostel Room', 'room', 1, 1, 1, 1, 1, '2017-12-12 18:12:37', '2018-01-03 07:42:02', 1, 1),
(45, 16, 'Hostel Member', 'member', 1, 1, 0, 1, 1, '2017-12-12 18:13:00', '2018-01-03 07:42:23', 1, 1),
(47, 17, 'Email', 'mail', 1, 1, 0, 1, 1, '2017-12-12 18:15:57', '2018-01-03 07:44:16', 1, 1),
(48, 17, 'Text SMS', 'text', 1, 1, 0, 1, 1, '2017-12-12 18:16:17', '2018-01-03 07:44:25', 1, 1),
(50, 18, 'Notice', 'notice', 1, 1, 1, 1, 1, '2017-12-12 18:20:38', '2018-01-03 07:47:39', 1, 1),
(51, 18, 'News', 'news', 1, 1, 1, 1, 1, '2017-12-12 18:20:54', '2018-01-03 07:47:46', 1, 1),
(52, 18, 'Holiday', 'holiday', 1, 1, 1, 1, 1, '2017-12-12 18:21:08', '2018-01-03 07:47:53', 1, 1),
(53, 19, 'Event', 'event', 1, 1, 1, 1, 1, '2017-12-12 18:21:35', '2018-01-03 07:48:00', 1, 1),
(54, 20, 'Visitor Info', 'visitor', 1, 1, 1, 1, 1, '2017-12-12 18:22:05', '2018-01-03 07:48:15', 1, 1),
(56, 21, 'Expenditure Head', 'exphead', 1, 1, 1, 1, 1, '2017-12-12 18:23:51', '2018-01-03 07:48:23', 1, 1),
(57, 21, 'Expenditure', 'expenditure', 1, 1, 1, 1, 1, '2017-12-12 18:24:14', '2018-01-03 07:48:32', 1, 1),
(58, 21, 'Income Head', 'incomehead', 1, 1, 1, 1, 1, '2017-12-12 18:24:42', '2018-01-03 07:48:39', 1, 1),
(59, 21, 'Income', 'income', 1, 1, 1, 1, 1, '2017-12-12 18:24:54', '2018-01-03 07:48:59', 1, 1),
(60, 21, 'Invoice', 'invoice', 1, 1, 1, 1, 1, '2017-12-12 18:25:16', '2018-01-03 07:49:12', 1, 1),
(61, 21, 'Payment', 'payment', 1, 1, 0, 0, 1, '2017-12-12 18:25:34', '2018-01-03 07:49:47', 1, 1),
(62, 22, 'Report', 'report', 1, 0, 0, 0, 1, '2017-12-12 18:26:16', '2018-01-03 07:50:00', 1, 1),
(63, 4, 'Manage User', 'user', 1, 0, 1, 0, 1, '2017-12-13 20:13:49', '2018-01-03 07:35:43', 1, 1),
(67, 13, 'Mark send by SMS', 'text', 1, 1, 0, 1, 1, '2017-12-14 09:09:58', '2018-01-03 07:34:45', 1, 1),
(68, 13, 'Mark send by Email', 'mail', 1, 1, 0, 1, 1, '2017-12-14 09:10:15', '2018-01-03 07:35:13', 1, 1),
(69, 17, 'message', 'message', 1, 1, 1, 1, 1, '2018-01-13 08:53:53', '2018-01-13 09:06:22', 2, 2),
(70, 23, 'CertificateType', 'type', 1, 1, 1, 1, 1, '2018-03-17 16:28:43', '0000-00-00 00:00:00', 2, 0),
(71, 23, 'Certificate', 'certificate', 1, NULL, NULL, NULL, 1, '2018-03-18 09:06:40', '0000-00-00 00:00:00', 1, 0),
(72, 24, 'Gallery', 'gallery', 1, 1, 1, 1, 1, '2018-03-22 06:47:27', '2018-03-22 06:48:03', 1, 1),
(73, 24, 'Image', 'image', 1, 1, 1, 1, 1, '2018-03-22 06:47:51', '0000-00-00 00:00:00', 1, 0),
(74, 25, 'Frontend', 'frontend', 1, 1, 1, 1, 1, '2018-03-23 05:06:49', '0000-00-00 00:00:00', 1, 0),
(75, 26, 'Salary Grade', 'grade', 1, 1, 1, 1, 1, '2018-03-25 02:08:21', '0000-00-00 00:00:00', 1, 0),
(76, 26, 'Payment', 'payment', 1, 1, 1, 1, 1, '2018-03-25 02:09:05', '0000-00-00 00:00:00', 1, 0),
(77, 25, 'Home Slider', 'slider', 1, 1, 1, 1, 1, '2018-03-27 18:04:48', '0000-00-00 00:00:00', 1, 0),
(78, 26, 'History', 'history', 1, NULL, NULL, NULL, 1, '2018-04-01 00:39:23', '0000-00-00 00:00:00', 1, 0);

-- --------------------------------------------------------

--
-- Table structure for table `pages`
--

CREATE TABLE IF NOT EXISTS `pages` (
  `id` int(11) NOT NULL,
  `page_slug` varchar(100) CHARACTER SET utf8 NOT NULL,
  `page_name` varchar(100) CHARACTER SET utf8 DEFAULT NULL,
  `page_title` varchar(255) CHARACTER SET utf8 DEFAULT NULL,
  `page_description` text CHARACTER SET utf8,
  `page_image` varchar(100) CHARACTER SET utf8 DEFAULT NULL,
  `status` tinyint(1) NOT NULL,
  `created_at` datetime NOT NULL,
  `modified_at` datetime NOT NULL,
  `created_by` int(11) NOT NULL,
  `modified_by` int(11) NOT NULL
) ENGINE=MyISAM AUTO_INCREMENT=4 DEFAULT CHARSET=latin1;

--
-- Dumping data for table `pages`
--

INSERT INTO `pages` (`id`, `page_slug`, `page_name`, `page_title`, `page_description`, `page_image`, `status`, `created_at`, `modified_at`, `created_by`, `modified_by`) VALUES
(1, 'about-us', 'About Us', 'About Us', '<span style="color: rgb(0, 0, 0); font-family: "Open Sans", Arial, sans-serif; text-align: justify;">There are many variations of passages of Lorem Ipsum available, but the majority have suffered alteration in some form, by injected humour, or randomised words which don''t look even slightly believable. If you are going to use a passage of Lorem Ipsum, you need to be sure there isn''t anything embarrassing hidden in the middle of text. All the Lorem Ipsum generators on the Internet tend to repeat predefined chunks as necessary, making this the first true generator on the Internet. It uses a dictionary of over 200 Latin words, combined with a handful of model sentence structures, to generate Lorem Ipsum which looks reasonable. The generated Lorem Ipsum is therefore always free from repetition, injected humour, or non-characteristic words etc.</span>', 'frontend-page-1523270297-sms.jpg', 1, '2018-03-23 10:25:58', '2018-04-09 04:38:17', 1, 1),
(2, 'privacy-policy', 'Privacy Policy', 'Privacy Policy', '<p style="margin-bottom: 15px; padding: 0px; text-align: justify; color: rgb(0, 0, 0); font-family: &quot;Open Sans&quot;, Arial, sans-serif;">Contrary to popular belief, Lorem Ipsum is not simply random text. It has roots in a piece of classical Latin literature from 45 BC, making it over 2000 years old. Richard McClintock, a Latin professor at Hampden-Sydney College in Virginia, looked up one of the more obscure Latin words, consectetur, from a Lorem Ipsum passage, and going through the cites of the word in classical literature, discovered the undoubtable source. Lorem Ipsum comes from sections 1.10.32 and 1.10.33 of "de Finibus Bonorum et Malorum" (The Extremes of Good and Evil) by Cicero, written in 45 BC. This book is a treatise on the theory of ethics, very popular during the Renaissance. The first line of Lorem Ipsum, "Lorem ipsum dolor sit amet..", comes from a line in section 1.10.32.</p><p style="margin-bottom: 15px; padding: 0px; text-align: justify; color: rgb(0, 0, 0); font-family: &quot;Open Sans&quot;, Arial, sans-serif;">The standard chunk of Lorem Ipsum used since the 1500s is reproduced below for those interested. Sections 1.10.32 and 1.10.33 from "de Finibus Bonorum et Malorum" by Cicero are also reproduced in their exact original form, accompanied by English versions from the 1914 translation by H. Rackham.</p>', NULL, 1, '2018-04-08 06:00:17', '0000-00-00 00:00:00', 1, 0),
(3, 'terms-conditions', 'Terms & Conditions', 'Terms & Conditions', '<b style="margin: 0px; padding: 0px; color: rgb(0, 0, 0); font-family: &quot;Open Sans&quot;, Arial, sans-serif; text-align: justify;">Lorem Ipsum</b><span style="color: rgb(0, 0, 0); font-family: &quot;Open Sans&quot;, Arial, sans-serif; text-align: justify;">&nbsp;is simply dummy text of the printing and typesetting industry. Lorem Ipsum has been the industry''s standard dummy text ever since the 1500s, when an unknown printer took a galley of type and scrambled it to make a type specimen book. It has survived not only five centuries, but also the leap into electronic typesetting, remaining essentially unchanged. It was popularised in the 1960s with the release of Letraset sheets containing Lorem Ipsum passages, and more recently with desktop publishing software like Aldus PageMaker including versions of Lorem Ipsum.</span><p><span style="color: rgb(0, 0, 0); font-family: &quot;Open Sans&quot;, Arial, sans-serif; text-align: justify;"><br></span></p><p><b style="margin: 0px; padding: 0px; color: rgb(0, 0, 0); font-family: &quot;Open Sans&quot;, Arial, sans-serif; text-align: justify;">Lorem Ipsum</b><span style="color: rgb(0, 0, 0); font-family: &quot;Open Sans&quot;, Arial, sans-serif; text-align: justify;">&nbsp;is simply dummy text of the printing and typesetting industry. Lorem Ipsum has been the industry''s standard dummy text ever since the 1500s, when an unknown printer took a galley of type and scrambled it to make a type specimen book. It has survived not only five centuries, but also the leap into electronic typesetting, remaining essentially unchanged. It was popularised in the 1960s with the release of Letraset sheets containing Lorem Ipsum passages, and more recently with desktop publishing software like Aldus PageMaker including versions of Lorem Ipsum.</span><span style="color: rgb(0, 0, 0); font-family: &quot;Open Sans&quot;, Arial, sans-serif; text-align: justify;"><br></span></p>', NULL, 1, '2018-04-08 06:00:56', '0000-00-00 00:00:00', 1, 0);

-- --------------------------------------------------------

--
-- Table structure for table `payment_settings`
--

CREATE TABLE IF NOT EXISTS `payment_settings` (
  `id` int(11) NOT NULL,
  `paypal_api_username` varchar(100) DEFAULT NULL,
  `paypal_api_password` varchar(100) DEFAULT NULL,
  `paypal_api_signature` varchar(100) DEFAULT NULL,
  `paypal_email` varchar(50) DEFAULT NULL,
  `paypal_demo` tinyint(1) DEFAULT NULL,
  `paypal_status` tinyint(1) DEFAULT NULL,
  `stripe_secret` varchar(100) DEFAULT NULL,
  `stripe_demo` tinyint(1) DEFAULT NULL,
  `stripe_status` tinyint(1) DEFAULT NULL,
  `payumoney_key` varchar(100) DEFAULT NULL,
  `payumoney_salt` varchar(100) DEFAULT NULL,
  `payumoney_demo` tinyint(1) DEFAULT NULL,
  `payumoney_status` tinyint(1) DEFAULT NULL,
  `status` tinyint(1) NOT NULL,
  `created_at` datetime NOT NULL,
  `modified_at` datetime NOT NULL,
  `created_by` int(11) NOT NULL,
  `modified_by` int(11) NOT NULL
) ENGINE=MyISAM AUTO_INCREMENT=3 DEFAULT CHARSET=utf8;

--
-- Dumping data for table `payment_settings`
--

INSERT INTO `payment_settings` (`id`, `paypal_api_username`, `paypal_api_password`, `paypal_api_signature`, `paypal_email`, `paypal_demo`, `paypal_status`, `stripe_secret`, `stripe_demo`, `stripe_status`, `payumoney_key`, `payumoney_salt`, `payumoney_demo`, `payumoney_status`, `status`, `created_at`, `modified_at`, `created_by`, `modified_by`) VALUES
(1, NULL, NULL, NULL, '', 0, 0, '', 0, 0, '', '', 0, 0, 1, '2017-08-24 10:58:24', '2018-04-15 01:30:13', 1, 1);

-- --------------------------------------------------------

--
-- Table structure for table `privileges`
--

CREATE TABLE IF NOT EXISTS `privileges` (
  `id` int(11) NOT NULL,
  `role_id` int(11) NOT NULL,
  `operation_id` int(11) NOT NULL,
  `is_add` tinyint(1) NOT NULL,
  `is_edit` tinyint(1) NOT NULL,
  `is_view` tinyint(1) NOT NULL,
  `is_delete` tinyint(1) NOT NULL,
  `status` tinyint(1) NOT NULL,
  `created_at` datetime NOT NULL,
  `modified_at` datetime NOT NULL,
  `created_by` int(11) NOT NULL,
  `modified_by` int(11) NOT NULL
) ENGINE=MyISAM AUTO_INCREMENT=768 DEFAULT CHARSET=latin1;

--
-- Dumping data for table `privileges`
--

INSERT INTO `privileges` (`id`, `role_id`, `operation_id`, `is_add`, `is_edit`, `is_view`, `is_delete`, `status`, `created_at`, `modified_at`, `created_by`, `modified_by`) VALUES
(1, 1, 1, 1, 1, 1, 0, 1, '2018-04-01 00:40:01', '0000-00-00 00:00:00', 1, 0),
(2, 1, 2, 1, 1, 1, 0, 1, '2018-04-01 00:40:01', '0000-00-00 00:00:00', 1, 0),
(3, 1, 3, 1, 1, 1, 0, 1, '2018-04-01 00:40:01', '0000-00-00 00:00:00', 1, 0),
(4, 1, 4, 0, 1, 1, 0, 1, '2018-04-01 00:40:01', '0000-00-00 00:00:00', 1, 0),
(5, 1, 5, 1, 1, 1, 1, 1, '2018-04-01 00:40:01', '0000-00-00 00:00:00', 1, 0),
(6, 1, 6, 1, 1, 1, 1, 1, '2018-04-01 00:40:01', '0000-00-00 00:00:00', 1, 0),
(7, 1, 7, 1, 1, 1, 1, 1, '2018-04-01 00:40:01', '0000-00-00 00:00:00', 1, 0),
(8, 1, 8, 0, 1, 1, 0, 1, '2018-04-01 00:40:01', '0000-00-00 00:00:00', 1, 0),
(9, 1, 64, 0, 1, 0, 0, 1, '2018-04-01 00:40:01', '0000-00-00 00:00:00', 1, 0),
(10, 1, 65, 0, 0, 1, 0, 1, '2018-04-01 00:40:01', '0000-00-00 00:00:00', 1, 0),
(11, 1, 63, 0, 1, 1, 0, 1, '2018-04-01 00:40:01', '0000-00-00 00:00:00', 1, 0),
(12, 1, 10, 1, 1, 1, 1, 1, '2018-04-01 00:40:01', '0000-00-00 00:00:00', 1, 0),
(13, 1, 11, 1, 1, 1, 1, 1, '2018-04-01 00:40:01', '0000-00-00 00:00:00', 1, 0),
(14, 1, 12, 1, 1, 1, 1, 1, '2018-04-01 00:40:01', '0000-00-00 00:00:00', 1, 0),
(15, 1, 14, 1, 1, 1, 1, 1, '2018-04-01 00:40:01', '0000-00-00 00:00:00', 1, 0),
(16, 1, 15, 1, 1, 1, 1, 1, '2018-04-01 00:40:01', '0000-00-00 00:00:00', 1, 0),
(17, 1, 16, 1, 1, 1, 1, 1, '2018-04-01 00:40:01', '0000-00-00 00:00:00', 1, 0),
(18, 1, 17, 1, 1, 1, 1, 1, '2018-04-01 00:40:01', '0000-00-00 00:00:00', 1, 0),
(19, 1, 18, 1, 1, 1, 1, 1, '2018-04-01 00:40:01', '0000-00-00 00:00:00', 1, 0),
(20, 1, 19, 1, 0, 1, 0, 1, '2018-04-01 00:40:01', '0000-00-00 00:00:00', 1, 0),
(21, 1, 20, 1, 1, 1, 1, 1, '2018-04-01 00:40:01', '0000-00-00 00:00:00', 1, 0),
(22, 1, 21, 1, 1, 1, 1, 1, '2018-04-01 00:40:01', '0000-00-00 00:00:00', 1, 0),
(23, 1, 23, 1, 1, 1, 0, 1, '2018-04-01 00:40:01', '0000-00-00 00:00:00', 1, 0),
(24, 1, 24, 1, 1, 1, 0, 1, '2018-04-01 00:40:01', '0000-00-00 00:00:00', 1, 0),
(25, 1, 25, 1, 1, 1, 0, 1, '2018-04-01 00:40:01', '0000-00-00 00:00:00', 1, 0),
(26, 1, 26, 1, 1, 1, 1, 1, '2018-04-01 00:40:01', '0000-00-00 00:00:00', 1, 0),
(27, 1, 27, 1, 1, 1, 1, 1, '2018-01-13 09:07:29', '0000-00-00 00:00:00', 2, 0),
(28, 1, 28, 1, 1, 1, 1, 1, '2018-04-01 00:40:01', '0000-00-00 00:00:00', 1, 0),
(29, 1, 29, 1, 1, 1, 1, 1, '2018-04-01 00:40:01', '0000-00-00 00:00:00', 1, 0),
(30, 1, 30, 1, 1, 1, 1, 1, '2018-04-01 00:40:01', '0000-00-00 00:00:00', 1, 0),
(31, 1, 31, 1, 1, 1, 1, 1, '2018-04-01 00:40:01', '0000-00-00 00:00:00', 1, 0),
(32, 1, 32, 1, 1, 1, 0, 1, '2018-04-01 00:40:01', '0000-00-00 00:00:00', 1, 0),
(33, 1, 33, 1, 1, 1, 0, 1, '2018-04-01 00:40:01', '0000-00-00 00:00:00', 1, 0),
(34, 1, 34, 1, 1, 1, 0, 1, '2018-04-01 00:40:01', '0000-00-00 00:00:00', 1, 0),
(35, 1, 35, 1, 1, 1, 0, 1, '2018-04-01 00:40:01', '0000-00-00 00:00:00', 1, 0),
(36, 1, 67, 1, 0, 1, 1, 1, '2018-04-01 00:40:01', '0000-00-00 00:00:00', 1, 0),
(37, 1, 68, 1, 0, 1, 1, 1, '2018-04-01 00:40:01', '0000-00-00 00:00:00', 1, 0),
(38, 1, 37, 1, 1, 1, 1, 1, '2018-04-01 00:40:01', '0000-00-00 00:00:00', 1, 0),
(39, 1, 38, 1, 0, 1, 1, 1, '2018-04-01 00:40:01', '0000-00-00 00:00:00', 1, 0),
(40, 1, 66, 1, 1, 1, 0, 1, '2018-04-01 00:40:01', '0000-00-00 00:00:00', 1, 0),
(41, 1, 40, 1, 1, 1, 1, 1, '2018-04-01 00:40:01', '0000-00-00 00:00:00', 1, 0),
(42, 1, 41, 1, 1, 1, 1, 1, '2018-04-01 00:40:01', '0000-00-00 00:00:00', 1, 0),
(43, 1, 42, 1, 0, 1, 1, 1, '2018-04-01 00:40:01', '0000-00-00 00:00:00', 1, 0),
(44, 1, 43, 1, 1, 1, 1, 1, '2018-04-01 00:40:01', '0000-00-00 00:00:00', 1, 0),
(45, 1, 44, 1, 1, 1, 1, 1, '2018-04-01 00:40:01', '0000-00-00 00:00:00', 1, 0),
(46, 1, 45, 1, 0, 1, 1, 1, '2018-04-01 00:40:01', '0000-00-00 00:00:00', 1, 0),
(47, 1, 46, 1, 1, 1, 1, 1, '2017-12-23 22:10:34', '0000-00-00 00:00:00', 1, 0),
(48, 1, 47, 1, 0, 1, 1, 1, '2018-04-01 00:40:01', '0000-00-00 00:00:00', 1, 0),
(49, 1, 48, 1, 0, 1, 1, 1, '2018-04-01 00:40:01', '0000-00-00 00:00:00', 1, 0),
(50, 1, 50, 1, 1, 1, 1, 1, '2018-04-01 00:40:01', '0000-00-00 00:00:00', 1, 0),
(51, 1, 51, 1, 1, 1, 1, 1, '2018-04-01 00:40:01', '0000-00-00 00:00:00', 1, 0),
(52, 1, 52, 1, 1, 1, 1, 1, '2018-04-01 00:40:01', '0000-00-00 00:00:00', 1, 0),
(53, 1, 53, 1, 1, 1, 1, 1, '2018-04-01 00:40:01', '0000-00-00 00:00:00', 1, 0),
(54, 1, 54, 1, 1, 1, 1, 1, '2018-04-01 00:40:01', '0000-00-00 00:00:00', 1, 0),
(55, 1, 55, 1, 1, 1, 1, 1, '2017-12-23 22:10:34', '0000-00-00 00:00:00', 1, 0),
(56, 1, 56, 1, 1, 1, 1, 1, '2018-04-01 00:40:01', '0000-00-00 00:00:00', 1, 0),
(57, 1, 57, 1, 1, 1, 1, 1, '2018-04-01 00:40:01', '0000-00-00 00:00:00', 1, 0),
(58, 1, 58, 1, 1, 1, 1, 1, '2018-04-01 00:40:01', '0000-00-00 00:00:00', 1, 0),
(59, 1, 59, 1, 1, 1, 1, 1, '2018-04-01 00:40:01', '0000-00-00 00:00:00', 1, 0),
(60, 1, 60, 1, 1, 1, 1, 1, '2018-04-01 00:40:01', '0000-00-00 00:00:00', 1, 0),
(61, 1, 61, 1, 0, 1, 0, 1, '2018-04-01 00:40:01', '0000-00-00 00:00:00', 1, 0),
(62, 1, 62, 0, 0, 1, 0, 1, '2018-04-01 00:40:01', '0000-00-00 00:00:00', 1, 0),
(63, 3, 1, 0, 0, 0, 0, 1, '2018-04-16 08:00:05', '0000-00-00 00:00:00', 1, 0),
(64, 3, 2, 0, 0, 0, 0, 1, '2018-04-16 08:00:05', '0000-00-00 00:00:00', 1, 0),
(65, 3, 3, 0, 0, 0, 0, 1, '2018-04-16 08:00:05', '0000-00-00 00:00:00', 1, 0),
(66, 3, 4, 0, 0, 0, 0, 1, '2018-04-16 08:00:05', '0000-00-00 00:00:00', 1, 0),
(67, 3, 5, 0, 0, 0, 0, 1, '2018-04-16 08:00:05', '0000-00-00 00:00:00', 1, 0),
(68, 3, 6, 0, 0, 0, 0, 1, '2018-04-16 08:00:05', '0000-00-00 00:00:00', 1, 0),
(69, 3, 7, 0, 0, 0, 0, 1, '2018-04-16 08:00:05', '0000-00-00 00:00:00', 1, 0),
(70, 3, 8, 0, 0, 0, 0, 1, '2018-04-16 08:00:05', '0000-00-00 00:00:00', 1, 0),
(71, 3, 64, 0, 0, 0, 0, 1, '2018-04-16 08:00:05', '0000-00-00 00:00:00', 1, 0),
(72, 3, 65, 0, 0, 0, 0, 1, '2018-04-16 08:00:05', '0000-00-00 00:00:00', 1, 0),
(73, 3, 63, 0, 0, 0, 0, 1, '2018-04-16 08:00:05', '0000-00-00 00:00:00', 1, 0),
(74, 3, 10, 0, 0, 0, 0, 1, '2018-04-16 08:00:05', '0000-00-00 00:00:00', 1, 0),
(75, 3, 11, 0, 0, 0, 0, 1, '2018-04-16 08:00:05', '0000-00-00 00:00:00', 1, 0),
(76, 3, 12, 0, 0, 0, 0, 1, '2018-04-16 08:00:05', '0000-00-00 00:00:00', 1, 0),
(77, 3, 14, 0, 0, 1, 0, 1, '2018-04-16 08:00:05', '0000-00-00 00:00:00', 1, 0),
(78, 3, 15, 0, 0, 1, 0, 1, '2018-04-16 08:00:05', '0000-00-00 00:00:00', 1, 0),
(79, 3, 16, 0, 0, 1, 0, 1, '2018-04-16 08:00:05', '0000-00-00 00:00:00', 1, 0),
(80, 3, 17, 0, 0, 1, 0, 1, '2018-04-16 08:00:05', '0000-00-00 00:00:00', 1, 0),
(81, 3, 18, 0, 0, 1, 0, 1, '2018-04-16 08:00:05', '0000-00-00 00:00:00', 1, 0),
(82, 3, 19, 0, 0, 0, 0, 1, '2018-04-16 08:00:05', '0000-00-00 00:00:00', 1, 0),
(83, 3, 20, 0, 0, 0, 0, 1, '2018-04-16 08:00:05', '0000-00-00 00:00:00', 1, 0),
(84, 3, 21, 0, 0, 1, 0, 1, '2018-04-16 08:00:05', '0000-00-00 00:00:00', 1, 0),
(85, 3, 23, 0, 0, 0, 0, 1, '2018-04-16 08:00:05', '0000-00-00 00:00:00', 1, 0),
(86, 3, 24, 0, 0, 0, 0, 1, '2018-04-16 08:00:05', '0000-00-00 00:00:00', 1, 0),
(87, 3, 25, 0, 0, 1, 0, 1, '2018-04-16 08:00:05', '0000-00-00 00:00:00', 1, 0),
(88, 3, 26, 0, 0, 0, 0, 1, '2018-04-16 08:00:05', '0000-00-00 00:00:00', 1, 0),
(89, 3, 27, 1, 1, 0, 1, 1, '2018-01-03 07:12:55', '0000-00-00 00:00:00', 1, 0),
(90, 3, 28, 0, 0, 1, 0, 1, '2018-04-16 08:00:05', '0000-00-00 00:00:00', 1, 0),
(91, 3, 29, 0, 0, 1, 0, 1, '2018-04-16 08:00:05', '0000-00-00 00:00:00', 1, 0),
(92, 3, 30, 0, 0, 0, 0, 1, '2018-04-16 08:00:05', '0000-00-00 00:00:00', 1, 0),
(93, 3, 31, 0, 0, 0, 0, 1, '2018-04-16 08:00:05', '0000-00-00 00:00:00', 1, 0),
(94, 3, 32, 0, 0, 0, 0, 1, '2018-04-16 08:00:05', '0000-00-00 00:00:00', 1, 0),
(95, 3, 33, 0, 0, 0, 0, 1, '2018-04-16 08:00:05', '0000-00-00 00:00:00', 1, 0),
(96, 3, 34, 0, 0, 1, 0, 1, '2018-04-16 08:00:05', '0000-00-00 00:00:00', 1, 0),
(97, 3, 35, 0, 0, 0, 0, 1, '2018-04-16 08:00:05', '0000-00-00 00:00:00', 1, 0),
(98, 3, 67, 0, 0, 0, 0, 1, '2018-04-16 08:00:05', '0000-00-00 00:00:00', 1, 0),
(99, 3, 68, 0, 0, 0, 0, 1, '2018-04-16 08:00:05', '0000-00-00 00:00:00', 1, 0),
(100, 3, 37, 0, 0, 1, 0, 1, '2018-04-16 08:00:05', '0000-00-00 00:00:00', 1, 0),
(101, 3, 38, 0, 0, 0, 0, 1, '2018-04-16 08:00:05', '0000-00-00 00:00:00', 1, 0),
(102, 3, 66, 0, 0, 0, 0, 1, '2018-04-16 08:00:05', '0000-00-00 00:00:00', 1, 0),
(103, 3, 40, 0, 0, 1, 0, 1, '2018-04-16 08:00:05', '0000-00-00 00:00:00', 1, 0),
(104, 3, 41, 0, 0, 1, 0, 1, '2018-04-16 08:00:05', '0000-00-00 00:00:00', 1, 0),
(105, 3, 42, 0, 0, 0, 0, 1, '2018-04-16 08:00:05', '0000-00-00 00:00:00', 1, 0),
(106, 3, 43, 0, 0, 1, 0, 1, '2018-04-16 08:00:05', '0000-00-00 00:00:00', 1, 0),
(107, 3, 44, 0, 0, 1, 0, 1, '2018-04-16 08:00:05', '0000-00-00 00:00:00', 1, 0),
(108, 3, 45, 0, 0, 0, 0, 1, '2018-04-16 08:00:05', '0000-00-00 00:00:00', 1, 0),
(109, 3, 46, 1, 1, 0, 1, 1, '2018-01-03 07:12:55', '0000-00-00 00:00:00', 1, 0),
(110, 3, 47, 0, 0, 0, 0, 1, '2018-04-16 08:00:05', '0000-00-00 00:00:00', 1, 0),
(111, 3, 48, 0, 0, 0, 0, 1, '2018-04-16 08:00:05', '0000-00-00 00:00:00', 1, 0),
(112, 3, 50, 0, 0, 0, 0, 1, '2018-04-16 08:00:05', '0000-00-00 00:00:00', 1, 0),
(113, 3, 51, 0, 0, 0, 0, 1, '2018-04-16 08:00:05', '0000-00-00 00:00:00', 1, 0),
(114, 3, 52, 0, 0, 0, 0, 1, '2018-04-16 08:00:05', '0000-00-00 00:00:00', 1, 0),
(115, 3, 53, 0, 0, 0, 0, 1, '2018-04-16 08:00:05', '0000-00-00 00:00:00', 1, 0),
(116, 3, 54, 0, 0, 0, 0, 1, '2018-04-16 08:00:05', '0000-00-00 00:00:00', 1, 0),
(117, 3, 55, 1, 1, 0, 1, 1, '2018-01-03 07:12:55', '0000-00-00 00:00:00', 1, 0),
(118, 3, 56, 0, 0, 0, 0, 1, '2018-04-16 08:00:05', '0000-00-00 00:00:00', 1, 0),
(119, 3, 57, 0, 0, 0, 0, 1, '2018-04-16 08:00:05', '0000-00-00 00:00:00', 1, 0),
(120, 3, 58, 0, 0, 0, 0, 1, '2018-04-16 08:00:05', '0000-00-00 00:00:00', 1, 0),
(121, 3, 59, 0, 0, 0, 0, 1, '2018-04-16 08:00:05', '0000-00-00 00:00:00', 1, 0),
(122, 3, 60, 0, 0, 1, 0, 1, '2018-04-16 08:00:05', '0000-00-00 00:00:00', 1, 0),
(123, 3, 61, 1, 0, 1, 0, 1, '2018-04-16 08:00:05', '0000-00-00 00:00:00', 1, 0),
(124, 3, 62, 0, 0, 0, 0, 1, '2018-04-16 08:00:05', '0000-00-00 00:00:00', 1, 0),
(125, 1, 69, 1, 1, 1, 1, 1, '2018-04-01 00:40:01', '0000-00-00 00:00:00', 1, 0),
(126, 5, 1, 0, 0, 0, 0, 1, '2018-04-16 07:50:17', '0000-00-00 00:00:00', 1, 0),
(127, 5, 2, 0, 0, 0, 0, 1, '2018-04-16 07:50:17', '0000-00-00 00:00:00', 1, 0),
(128, 5, 3, 0, 0, 0, 0, 1, '2018-04-16 07:50:17', '0000-00-00 00:00:00', 1, 0),
(129, 5, 4, 0, 0, 0, 0, 1, '2018-04-16 07:50:17', '0000-00-00 00:00:00', 1, 0),
(130, 5, 5, 0, 0, 0, 0, 1, '2018-04-16 07:50:17', '0000-00-00 00:00:00', 1, 0),
(131, 5, 6, 0, 0, 1, 0, 1, '2018-04-16 07:50:17', '0000-00-00 00:00:00', 1, 0),
(132, 5, 7, 0, 0, 0, 0, 1, '2018-04-16 07:50:17', '0000-00-00 00:00:00', 1, 0),
(133, 5, 8, 0, 0, 0, 0, 1, '2018-04-16 07:50:17', '0000-00-00 00:00:00', 1, 0),
(134, 5, 64, 0, 0, 0, 0, 1, '2018-04-16 07:50:17', '0000-00-00 00:00:00', 1, 0),
(135, 5, 65, 0, 0, 0, 0, 1, '2018-04-16 07:50:17', '0000-00-00 00:00:00', 1, 0),
(136, 5, 63, 0, 0, 0, 0, 1, '2018-04-16 07:50:17', '0000-00-00 00:00:00', 1, 0),
(137, 5, 10, 0, 0, 0, 0, 1, '2018-04-16 07:50:17', '0000-00-00 00:00:00', 1, 0),
(138, 5, 11, 0, 0, 1, 0, 1, '2018-04-16 07:50:17', '0000-00-00 00:00:00', 1, 0),
(139, 5, 12, 0, 0, 1, 0, 1, '2018-04-16 07:50:17', '0000-00-00 00:00:00', 1, 0),
(140, 5, 14, 0, 0, 1, 0, 1, '2018-04-16 07:50:17', '0000-00-00 00:00:00', 1, 0),
(141, 5, 15, 0, 0, 1, 0, 1, '2018-04-16 07:50:17', '0000-00-00 00:00:00', 1, 0),
(142, 5, 16, 0, 0, 1, 0, 1, '2018-04-16 07:50:17', '0000-00-00 00:00:00', 1, 0),
(143, 5, 17, 0, 0, 1, 0, 1, '2018-04-16 07:50:17', '0000-00-00 00:00:00', 1, 0),
(144, 5, 18, 0, 0, 1, 0, 1, '2018-04-16 07:50:17', '0000-00-00 00:00:00', 1, 0),
(145, 5, 19, 0, 0, 0, 0, 1, '2018-04-16 07:50:17', '0000-00-00 00:00:00', 1, 0),
(146, 5, 20, 0, 0, 0, 0, 1, '2018-04-16 07:50:17', '0000-00-00 00:00:00', 1, 0),
(147, 5, 21, 0, 0, 1, 0, 1, '2018-04-16 07:50:17', '0000-00-00 00:00:00', 1, 0),
(148, 5, 23, 0, 0, 0, 0, 1, '2018-04-16 07:50:17', '0000-00-00 00:00:00', 1, 0),
(149, 5, 24, 0, 0, 0, 0, 1, '2018-04-16 07:50:17', '0000-00-00 00:00:00', 1, 0),
(150, 5, 25, 1, 1, 1, 0, 1, '2018-04-16 07:50:17', '0000-00-00 00:00:00', 1, 0),
(151, 5, 26, 1, 1, 1, 0, 1, '2018-04-16 07:50:17', '0000-00-00 00:00:00', 1, 0),
(152, 5, 27, 1, 1, 1, 0, 1, '2018-01-13 09:46:35', '0000-00-00 00:00:00', 1, 0),
(153, 5, 28, 0, 0, 1, 0, 1, '2018-04-16 07:50:17', '0000-00-00 00:00:00', 1, 0),
(154, 5, 29, 0, 0, 1, 0, 1, '2018-04-16 07:50:17', '0000-00-00 00:00:00', 1, 0),
(155, 5, 30, 0, 0, 1, 0, 1, '2018-04-16 07:50:17', '0000-00-00 00:00:00', 1, 0),
(156, 5, 31, 1, 1, 1, 0, 1, '2018-04-16 07:50:17', '0000-00-00 00:00:00', 1, 0),
(157, 5, 32, 1, 1, 1, 0, 1, '2018-04-16 07:50:17', '0000-00-00 00:00:00', 1, 0),
(158, 5, 33, 1, 1, 1, 0, 1, '2018-04-16 07:50:17', '0000-00-00 00:00:00', 1, 0),
(159, 5, 34, 1, 1, 1, 0, 1, '2018-04-16 07:50:17', '0000-00-00 00:00:00', 1, 0),
(160, 5, 35, 0, 0, 0, 0, 1, '2018-04-16 07:50:17', '0000-00-00 00:00:00', 1, 0),
(161, 5, 67, 0, 0, 0, 0, 1, '2018-04-16 07:50:17', '0000-00-00 00:00:00', 1, 0),
(162, 5, 68, 0, 0, 0, 0, 1, '2018-04-16 07:50:17', '0000-00-00 00:00:00', 1, 0),
(163, 5, 37, 0, 0, 1, 0, 1, '2018-04-16 07:50:17', '0000-00-00 00:00:00', 1, 0),
(164, 5, 38, 0, 0, 1, 0, 1, '2018-04-16 07:50:17', '0000-00-00 00:00:00', 1, 0),
(165, 5, 66, 0, 0, 1, 0, 1, '2018-04-16 07:50:17', '0000-00-00 00:00:00', 1, 0),
(166, 5, 40, 0, 0, 1, 0, 1, '2018-04-16 07:50:17', '0000-00-00 00:00:00', 1, 0),
(167, 5, 41, 0, 0, 1, 0, 1, '2018-04-16 07:50:17', '0000-00-00 00:00:00', 1, 0),
(168, 5, 42, 0, 0, 0, 0, 1, '2018-04-16 07:50:17', '0000-00-00 00:00:00', 1, 0),
(169, 5, 43, 0, 0, 1, 0, 1, '2018-04-16 07:50:17', '0000-00-00 00:00:00', 1, 0),
(170, 5, 44, 0, 0, 1, 0, 1, '2018-04-16 07:50:17', '0000-00-00 00:00:00', 1, 0),
(171, 5, 45, 0, 0, 0, 0, 1, '2018-04-16 07:50:17', '0000-00-00 00:00:00', 1, 0),
(172, 5, 47, 0, 0, 0, 0, 1, '2018-04-16 07:50:17', '0000-00-00 00:00:00', 1, 0),
(173, 5, 48, 0, 0, 0, 0, 1, '2018-04-16 07:50:17', '0000-00-00 00:00:00', 1, 0),
(174, 5, 69, 1, 1, 1, 1, 1, '2018-04-16 07:50:17', '0000-00-00 00:00:00', 1, 0),
(175, 5, 50, 0, 0, 0, 0, 1, '2018-04-16 07:50:17', '0000-00-00 00:00:00', 1, 0),
(176, 5, 51, 0, 0, 0, 0, 1, '2018-04-16 07:50:17', '0000-00-00 00:00:00', 1, 0),
(177, 5, 52, 0, 0, 0, 0, 1, '2018-04-16 07:50:17', '0000-00-00 00:00:00', 1, 0),
(178, 5, 53, 0, 0, 0, 0, 1, '2018-04-16 07:50:17', '0000-00-00 00:00:00', 1, 0),
(179, 5, 54, 0, 0, 0, 0, 1, '2018-04-16 07:50:17', '0000-00-00 00:00:00', 1, 0),
(180, 5, 56, 0, 0, 0, 0, 1, '2018-04-16 07:50:17', '0000-00-00 00:00:00', 1, 0),
(181, 5, 57, 0, 0, 0, 0, 1, '2018-04-16 07:50:17', '0000-00-00 00:00:00', 1, 0),
(182, 5, 58, 0, 0, 0, 0, 1, '2018-04-16 07:50:17', '0000-00-00 00:00:00', 1, 0),
(183, 5, 59, 0, 0, 0, 0, 1, '2018-04-16 07:50:17', '0000-00-00 00:00:00', 1, 0),
(184, 5, 60, 0, 0, 0, 0, 1, '2018-04-16 07:50:17', '0000-00-00 00:00:00', 1, 0),
(185, 5, 61, 0, 0, 0, 0, 1, '2018-04-16 07:50:17', '0000-00-00 00:00:00', 1, 0),
(186, 5, 62, 0, 0, 0, 0, 1, '2018-04-16 07:50:17', '0000-00-00 00:00:00', 1, 0),
(187, 13, 1, 0, 0, 0, 0, 1, '2018-04-16 07:42:12', '0000-00-00 00:00:00', 1, 0),
(188, 13, 2, 0, 0, 0, 0, 1, '2018-04-16 07:42:12', '0000-00-00 00:00:00', 1, 0),
(189, 13, 3, 0, 0, 0, 0, 1, '2018-04-16 07:42:12', '0000-00-00 00:00:00', 1, 0),
(190, 13, 4, 0, 0, 0, 0, 1, '2018-04-16 07:42:12', '0000-00-00 00:00:00', 1, 0),
(191, 13, 5, 0, 0, 0, 0, 1, '2018-04-16 07:42:13', '0000-00-00 00:00:00', 1, 0),
(192, 13, 6, 0, 0, 0, 0, 1, '2018-04-16 07:42:13', '0000-00-00 00:00:00', 1, 0),
(193, 13, 7, 0, 0, 0, 0, 1, '2018-04-16 07:42:13', '0000-00-00 00:00:00', 1, 0),
(194, 13, 8, 0, 0, 0, 0, 1, '2018-04-16 07:42:13', '0000-00-00 00:00:00', 1, 0),
(195, 13, 64, 0, 0, 0, 0, 1, '2018-04-16 07:42:13', '0000-00-00 00:00:00', 1, 0),
(196, 13, 65, 0, 0, 0, 0, 1, '2018-04-16 07:42:13', '0000-00-00 00:00:00', 1, 0),
(197, 13, 63, 0, 0, 0, 0, 1, '2018-04-16 07:42:13', '0000-00-00 00:00:00', 1, 0),
(198, 13, 10, 0, 0, 0, 0, 1, '2018-04-16 07:42:13', '0000-00-00 00:00:00', 1, 0),
(199, 13, 11, 0, 0, 0, 0, 1, '2018-04-16 07:42:13', '0000-00-00 00:00:00', 1, 0),
(200, 13, 12, 0, 0, 0, 0, 1, '2018-04-16 07:42:13', '0000-00-00 00:00:00', 1, 0),
(201, 13, 14, 0, 0, 0, 0, 1, '2018-04-16 07:42:13', '0000-00-00 00:00:00', 1, 0),
(202, 13, 15, 0, 0, 0, 0, 1, '2018-04-16 07:42:13', '0000-00-00 00:00:00', 1, 0),
(203, 13, 16, 0, 0, 0, 0, 1, '2018-04-16 07:42:13', '0000-00-00 00:00:00', 1, 0),
(204, 13, 17, 0, 0, 0, 0, 1, '2018-04-16 07:42:13', '0000-00-00 00:00:00', 1, 0),
(205, 13, 18, 0, 0, 0, 0, 1, '2018-04-16 07:42:13', '0000-00-00 00:00:00', 1, 0),
(206, 13, 19, 0, 0, 0, 0, 1, '2018-04-16 07:42:13', '0000-00-00 00:00:00', 1, 0),
(207, 13, 20, 0, 0, 0, 0, 1, '2018-04-16 07:42:13', '0000-00-00 00:00:00', 1, 0),
(208, 13, 21, 0, 0, 0, 0, 1, '2018-04-16 07:42:13', '0000-00-00 00:00:00', 1, 0),
(209, 13, 23, 0, 0, 0, 0, 1, '2018-04-16 07:42:13', '0000-00-00 00:00:00', 1, 0),
(210, 13, 24, 0, 0, 0, 0, 1, '2018-04-16 07:42:13', '0000-00-00 00:00:00', 1, 0),
(211, 13, 25, 0, 0, 0, 0, 1, '2018-04-16 07:42:13', '0000-00-00 00:00:00', 1, 0),
(212, 13, 26, 0, 0, 0, 0, 1, '2018-04-16 07:42:13', '0000-00-00 00:00:00', 1, 0),
(213, 13, 27, 0, 0, 0, 0, 1, '2018-02-04 04:46:43', '0000-00-00 00:00:00', 1, 0),
(214, 13, 28, 0, 0, 0, 0, 1, '2018-04-16 07:42:13', '0000-00-00 00:00:00', 1, 0),
(215, 13, 29, 0, 0, 0, 0, 1, '2018-04-16 07:42:13', '0000-00-00 00:00:00', 1, 0),
(216, 13, 30, 0, 0, 0, 0, 1, '2018-04-16 07:42:13', '0000-00-00 00:00:00', 1, 0),
(217, 13, 31, 0, 0, 0, 0, 1, '2018-04-16 07:42:13', '0000-00-00 00:00:00', 1, 0),
(218, 13, 32, 0, 0, 0, 0, 1, '2018-04-16 07:42:13', '0000-00-00 00:00:00', 1, 0),
(219, 13, 33, 0, 0, 0, 0, 1, '2018-04-16 07:42:13', '0000-00-00 00:00:00', 1, 0),
(220, 13, 34, 0, 0, 0, 0, 1, '2018-04-16 07:42:13', '0000-00-00 00:00:00', 1, 0),
(221, 13, 35, 0, 0, 0, 0, 1, '2018-04-16 07:42:13', '0000-00-00 00:00:00', 1, 0),
(222, 13, 67, 0, 0, 0, 0, 1, '2018-04-16 07:42:13', '0000-00-00 00:00:00', 1, 0),
(223, 13, 68, 0, 0, 0, 0, 1, '2018-04-16 07:42:13', '0000-00-00 00:00:00', 1, 0),
(224, 13, 37, 0, 0, 0, 0, 1, '2018-04-16 07:42:13', '0000-00-00 00:00:00', 1, 0),
(225, 13, 38, 0, 0, 0, 0, 1, '2018-04-16 07:42:13', '0000-00-00 00:00:00', 1, 0),
(226, 13, 66, 0, 0, 0, 0, 1, '2018-04-16 07:42:13', '0000-00-00 00:00:00', 1, 0),
(227, 13, 40, 0, 0, 1, 0, 1, '2018-04-16 07:42:13', '0000-00-00 00:00:00', 1, 0),
(228, 13, 41, 0, 0, 1, 0, 1, '2018-04-16 07:42:13', '0000-00-00 00:00:00', 1, 0),
(229, 13, 42, 0, 0, 0, 0, 1, '2018-04-16 07:42:13', '0000-00-00 00:00:00', 1, 0),
(230, 13, 43, 0, 0, 0, 0, 1, '2018-04-16 07:42:13', '0000-00-00 00:00:00', 1, 0),
(231, 13, 44, 0, 0, 0, 0, 1, '2018-04-16 07:42:13', '0000-00-00 00:00:00', 1, 0),
(232, 13, 45, 0, 0, 0, 0, 1, '2018-04-16 07:42:13', '0000-00-00 00:00:00', 1, 0),
(233, 13, 47, 0, 0, 0, 0, 1, '2018-04-16 07:42:13', '0000-00-00 00:00:00', 1, 0),
(234, 13, 48, 0, 0, 0, 0, 1, '2018-04-16 07:42:13', '0000-00-00 00:00:00', 1, 0),
(235, 13, 69, 0, 0, 1, 0, 1, '2018-04-16 07:42:13', '0000-00-00 00:00:00', 1, 0),
(236, 13, 50, 0, 0, 0, 0, 1, '2018-04-16 07:42:13', '0000-00-00 00:00:00', 1, 0),
(237, 13, 51, 0, 0, 0, 0, 1, '2018-04-16 07:42:13', '0000-00-00 00:00:00', 1, 0),
(238, 13, 52, 0, 0, 0, 0, 1, '2018-04-16 07:42:13', '0000-00-00 00:00:00', 1, 0),
(239, 13, 53, 0, 0, 0, 0, 1, '2018-04-16 07:42:13', '0000-00-00 00:00:00', 1, 0),
(240, 13, 54, 0, 0, 0, 0, 1, '2018-04-16 07:42:13', '0000-00-00 00:00:00', 1, 0),
(241, 13, 56, 0, 0, 0, 0, 1, '2018-04-16 07:42:13', '0000-00-00 00:00:00', 1, 0),
(242, 13, 57, 0, 0, 0, 0, 1, '2018-04-16 07:42:13', '0000-00-00 00:00:00', 1, 0),
(243, 13, 58, 0, 0, 0, 0, 1, '2018-04-16 07:42:13', '0000-00-00 00:00:00', 1, 0),
(244, 13, 59, 0, 0, 0, 0, 1, '2018-04-16 07:42:13', '0000-00-00 00:00:00', 1, 0),
(245, 13, 60, 0, 0, 0, 0, 1, '2018-04-16 07:42:13', '0000-00-00 00:00:00', 1, 0),
(246, 13, 61, 0, 0, 0, 0, 1, '2018-04-16 07:42:13', '0000-00-00 00:00:00', 1, 0),
(247, 13, 62, 0, 0, 0, 0, 1, '2018-04-16 07:42:13', '0000-00-00 00:00:00', 1, 0),
(248, 3, 69, 1, 1, 1, 1, 1, '2018-04-16 08:00:05', '0000-00-00 00:00:00', 1, 0),
(249, 2, 1, 1, 1, 1, 0, 1, '2018-04-15 06:04:59', '0000-00-00 00:00:00', 1, 0),
(250, 2, 2, 1, 1, 1, 0, 1, '2018-04-15 06:04:59', '0000-00-00 00:00:00', 1, 0),
(251, 2, 3, 1, 1, 1, 0, 1, '2018-04-15 06:04:59', '0000-00-00 00:00:00', 1, 0),
(252, 2, 4, 0, 1, 1, 0, 1, '2018-04-15 06:04:59', '0000-00-00 00:00:00', 1, 0),
(253, 2, 5, 1, 1, 1, 0, 1, '2018-04-15 06:04:59', '0000-00-00 00:00:00', 1, 0),
(254, 2, 6, 1, 1, 1, 0, 1, '2018-04-15 06:04:59', '0000-00-00 00:00:00', 1, 0),
(255, 2, 7, 1, 1, 1, 0, 1, '2018-04-15 06:04:59', '0000-00-00 00:00:00', 1, 0),
(256, 2, 8, 0, 1, 1, 0, 1, '2018-04-15 06:04:59', '0000-00-00 00:00:00', 1, 0),
(257, 2, 64, 0, 1, 0, 0, 1, '2018-04-15 06:04:59', '0000-00-00 00:00:00', 1, 0),
(258, 2, 65, 0, 0, 1, 0, 1, '2018-04-15 06:04:59', '0000-00-00 00:00:00', 1, 0),
(259, 2, 63, 0, 1, 1, 0, 1, '2018-04-15 06:04:59', '0000-00-00 00:00:00', 1, 0),
(260, 2, 10, 1, 1, 1, 0, 1, '2018-04-15 06:04:59', '0000-00-00 00:00:00', 1, 0),
(261, 2, 11, 1, 1, 1, 0, 1, '2018-04-15 06:04:59', '0000-00-00 00:00:00', 1, 0),
(262, 2, 12, 1, 1, 1, 0, 1, '2018-04-15 06:04:59', '0000-00-00 00:00:00', 1, 0),
(263, 2, 14, 1, 1, 1, 0, 1, '2018-04-15 06:04:59', '0000-00-00 00:00:00', 1, 0),
(264, 2, 15, 1, 1, 1, 0, 1, '2018-04-15 06:04:59', '0000-00-00 00:00:00', 1, 0),
(265, 2, 16, 1, 1, 1, 0, 1, '2018-04-15 06:04:59', '0000-00-00 00:00:00', 1, 0),
(266, 2, 17, 1, 1, 1, 0, 1, '2018-04-15 06:04:59', '0000-00-00 00:00:00', 1, 0),
(267, 2, 18, 1, 1, 1, 0, 1, '2018-04-15 06:04:59', '0000-00-00 00:00:00', 1, 0),
(268, 2, 19, 1, 0, 1, 0, 1, '2018-04-15 06:04:59', '0000-00-00 00:00:00', 1, 0),
(269, 2, 20, 1, 1, 1, 0, 1, '2018-04-15 06:04:59', '0000-00-00 00:00:00', 1, 0),
(270, 2, 21, 1, 1, 1, 0, 1, '2018-04-15 06:04:59', '0000-00-00 00:00:00', 1, 0),
(271, 2, 23, 1, 1, 1, 0, 1, '2018-04-15 06:04:59', '0000-00-00 00:00:00', 1, 0),
(272, 2, 24, 1, 1, 1, 0, 1, '2018-04-15 06:04:59', '0000-00-00 00:00:00', 1, 0),
(273, 2, 25, 1, 1, 1, 0, 1, '2018-04-15 06:04:59', '0000-00-00 00:00:00', 1, 0),
(274, 2, 26, 1, 1, 1, 0, 1, '2018-04-15 06:04:59', '0000-00-00 00:00:00', 1, 0),
(275, 2, 28, 1, 1, 1, 0, 1, '2018-04-15 06:04:59', '0000-00-00 00:00:00', 1, 0),
(276, 2, 29, 1, 1, 1, 0, 1, '2018-04-15 06:04:59', '0000-00-00 00:00:00', 1, 0),
(277, 2, 30, 1, 1, 1, 0, 1, '2018-04-15 06:04:59', '0000-00-00 00:00:00', 1, 0),
(278, 2, 31, 1, 1, 1, 0, 1, '2018-04-15 06:04:59', '0000-00-00 00:00:00', 1, 0),
(279, 2, 32, 1, 1, 1, 0, 1, '2018-04-15 06:04:59', '0000-00-00 00:00:00', 1, 0),
(280, 2, 33, 1, 1, 1, 0, 1, '2018-04-15 06:05:00', '0000-00-00 00:00:00', 1, 0),
(281, 2, 34, 1, 1, 1, 0, 1, '2018-04-15 06:05:00', '0000-00-00 00:00:00', 1, 0),
(282, 2, 35, 1, 1, 1, 0, 1, '2018-04-15 06:05:00', '0000-00-00 00:00:00', 1, 0),
(283, 2, 67, 1, 0, 1, 0, 1, '2018-04-15 06:05:00', '0000-00-00 00:00:00', 1, 0),
(284, 2, 68, 1, 0, 1, 0, 1, '2018-04-15 06:05:00', '0000-00-00 00:00:00', 1, 0),
(285, 2, 37, 1, 1, 1, 0, 1, '2018-04-15 06:05:00', '0000-00-00 00:00:00', 1, 0),
(286, 2, 38, 1, 0, 1, 0, 1, '2018-04-15 06:05:00', '0000-00-00 00:00:00', 1, 0),
(287, 2, 66, 1, 1, 1, 0, 1, '2018-04-15 06:05:00', '0000-00-00 00:00:00', 1, 0),
(288, 2, 40, 1, 1, 1, 0, 1, '2018-04-15 06:05:00', '0000-00-00 00:00:00', 1, 0),
(289, 2, 41, 1, 1, 1, 0, 1, '2018-04-15 06:05:00', '0000-00-00 00:00:00', 1, 0),
(290, 2, 42, 1, 0, 1, 0, 1, '2018-04-15 06:05:00', '0000-00-00 00:00:00', 1, 0),
(291, 2, 43, 1, 1, 1, 0, 1, '2018-04-15 06:05:00', '0000-00-00 00:00:00', 1, 0),
(292, 2, 44, 1, 1, 1, 0, 1, '2018-04-15 06:05:00', '0000-00-00 00:00:00', 1, 0),
(293, 2, 45, 1, 0, 1, 0, 1, '2018-04-15 06:05:00', '0000-00-00 00:00:00', 1, 0),
(294, 2, 47, 1, 0, 1, 0, 1, '2018-04-15 06:05:00', '0000-00-00 00:00:00', 1, 0),
(295, 2, 48, 1, 0, 1, 0, 1, '2018-04-15 06:05:00', '0000-00-00 00:00:00', 1, 0),
(296, 2, 69, 1, 1, 1, 0, 1, '2018-04-15 06:05:00', '0000-00-00 00:00:00', 1, 0),
(297, 2, 50, 1, 1, 1, 0, 1, '2018-04-15 06:05:00', '0000-00-00 00:00:00', 1, 0),
(298, 2, 51, 1, 1, 1, 0, 1, '2018-04-15 06:05:00', '0000-00-00 00:00:00', 1, 0),
(299, 2, 52, 1, 1, 1, 0, 1, '2018-04-15 06:05:00', '0000-00-00 00:00:00', 1, 0),
(300, 2, 53, 1, 1, 1, 0, 1, '2018-04-15 06:05:00', '0000-00-00 00:00:00', 1, 0),
(301, 2, 54, 1, 1, 1, 0, 1, '2018-04-15 06:05:00', '0000-00-00 00:00:00', 1, 0),
(302, 2, 56, 1, 1, 1, 0, 1, '2018-04-15 06:05:00', '0000-00-00 00:00:00', 1, 0),
(303, 2, 57, 1, 1, 1, 0, 1, '2018-04-15 06:05:00', '0000-00-00 00:00:00', 1, 0),
(304, 2, 58, 1, 1, 1, 0, 1, '2018-04-15 06:05:00', '0000-00-00 00:00:00', 1, 0),
(305, 2, 59, 1, 1, 1, 0, 1, '2018-04-15 06:05:00', '0000-00-00 00:00:00', 1, 0),
(306, 2, 60, 1, 1, 1, 0, 1, '2018-04-15 06:05:00', '0000-00-00 00:00:00', 1, 0),
(307, 2, 61, 1, 0, 1, 0, 1, '2018-04-15 06:05:00', '0000-00-00 00:00:00', 1, 0),
(308, 2, 62, 0, 0, 1, 0, 1, '2018-04-15 06:05:00', '0000-00-00 00:00:00', 1, 0),
(309, 4, 1, 0, 0, 0, 0, 1, '2018-04-16 07:59:16', '0000-00-00 00:00:00', 1, 0),
(310, 4, 2, 0, 0, 0, 0, 1, '2018-04-16 07:59:16', '0000-00-00 00:00:00', 1, 0),
(311, 4, 3, 0, 0, 0, 0, 1, '2018-04-16 07:59:16', '0000-00-00 00:00:00', 1, 0),
(312, 4, 4, 0, 0, 0, 0, 1, '2018-04-16 07:59:16', '0000-00-00 00:00:00', 1, 0),
(313, 4, 5, 0, 0, 0, 0, 1, '2018-04-16 07:59:16', '0000-00-00 00:00:00', 1, 0),
(314, 4, 6, 0, 0, 0, 0, 1, '2018-04-16 07:59:16', '0000-00-00 00:00:00', 1, 0),
(315, 4, 7, 0, 0, 0, 0, 1, '2018-04-16 07:59:16', '0000-00-00 00:00:00', 1, 0),
(316, 4, 8, 0, 0, 0, 0, 1, '2018-04-16 07:59:16', '0000-00-00 00:00:00', 1, 0),
(317, 4, 64, 0, 0, 0, 0, 1, '2018-04-16 07:59:16', '0000-00-00 00:00:00', 1, 0),
(318, 4, 65, 0, 0, 0, 0, 1, '2018-04-16 07:59:16', '0000-00-00 00:00:00', 1, 0),
(319, 4, 63, 0, 0, 0, 0, 1, '2018-04-16 07:59:16', '0000-00-00 00:00:00', 1, 0),
(320, 4, 10, 0, 0, 0, 0, 1, '2018-04-16 07:59:16', '0000-00-00 00:00:00', 1, 0),
(321, 4, 11, 0, 0, 0, 0, 1, '2018-04-16 07:59:16', '0000-00-00 00:00:00', 1, 0),
(322, 4, 12, 0, 0, 0, 0, 1, '2018-04-16 07:59:16', '0000-00-00 00:00:00', 1, 0),
(323, 4, 14, 0, 0, 1, 0, 1, '2018-04-16 07:59:16', '0000-00-00 00:00:00', 1, 0),
(324, 4, 15, 0, 0, 1, 0, 1, '2018-04-16 07:59:16', '0000-00-00 00:00:00', 1, 0),
(325, 4, 16, 0, 0, 1, 0, 1, '2018-04-16 07:59:16', '0000-00-00 00:00:00', 1, 0),
(326, 4, 17, 0, 0, 1, 0, 1, '2018-04-16 07:59:16', '0000-00-00 00:00:00', 1, 0),
(327, 4, 18, 0, 0, 1, 0, 1, '2018-04-16 07:59:16', '0000-00-00 00:00:00', 1, 0),
(328, 4, 19, 0, 0, 0, 0, 1, '2018-04-16 07:59:16', '0000-00-00 00:00:00', 1, 0),
(329, 4, 20, 0, 0, 1, 0, 1, '2018-04-16 07:59:16', '0000-00-00 00:00:00', 1, 0),
(330, 4, 21, 0, 0, 1, 0, 1, '2018-04-16 07:59:16', '0000-00-00 00:00:00', 1, 0),
(331, 4, 23, 0, 0, 0, 0, 1, '2018-04-16 07:59:16', '0000-00-00 00:00:00', 1, 0),
(332, 4, 24, 0, 0, 0, 0, 1, '2018-04-16 07:59:16', '0000-00-00 00:00:00', 1, 0),
(333, 4, 25, 0, 0, 0, 0, 1, '2018-04-16 07:59:16', '0000-00-00 00:00:00', 1, 0),
(334, 4, 26, 0, 0, 1, 0, 1, '2018-04-16 07:59:16', '0000-00-00 00:00:00', 1, 0),
(335, 4, 28, 0, 0, 1, 0, 1, '2018-04-16 07:59:16', '0000-00-00 00:00:00', 1, 0),
(336, 4, 29, 0, 0, 1, 0, 1, '2018-04-16 07:59:16', '0000-00-00 00:00:00', 1, 0),
(337, 4, 30, 0, 0, 1, 0, 1, '2018-04-16 07:59:16', '0000-00-00 00:00:00', 1, 0),
(338, 4, 31, 0, 0, 1, 0, 1, '2018-04-16 07:59:16', '0000-00-00 00:00:00', 1, 0),
(339, 4, 32, 0, 0, 0, 0, 1, '2018-04-16 07:59:16', '0000-00-00 00:00:00', 1, 0),
(340, 4, 33, 0, 0, 0, 0, 1, '2018-04-16 07:59:16', '0000-00-00 00:00:00', 1, 0),
(341, 4, 34, 0, 0, 1, 0, 1, '2018-04-16 07:59:16', '0000-00-00 00:00:00', 1, 0),
(342, 4, 35, 0, 0, 0, 0, 1, '2018-04-16 07:59:16', '0000-00-00 00:00:00', 1, 0),
(343, 4, 67, 0, 0, 0, 0, 1, '2018-04-16 07:59:16', '0000-00-00 00:00:00', 1, 0),
(344, 4, 68, 0, 0, 0, 0, 1, '2018-04-16 07:59:16', '0000-00-00 00:00:00', 1, 0),
(345, 4, 37, 0, 0, 1, 0, 1, '2018-04-16 07:59:16', '0000-00-00 00:00:00', 1, 0),
(346, 4, 38, 0, 0, 0, 0, 1, '2018-04-16 07:59:16', '0000-00-00 00:00:00', 1, 0),
(347, 4, 66, 0, 0, 1, 0, 1, '2018-04-16 07:59:16', '0000-00-00 00:00:00', 1, 0),
(348, 4, 40, 0, 0, 1, 0, 1, '2018-04-16 07:59:16', '0000-00-00 00:00:00', 1, 0),
(349, 4, 41, 0, 0, 1, 0, 1, '2018-04-16 07:59:16', '0000-00-00 00:00:00', 1, 0),
(350, 4, 42, 0, 0, 0, 0, 1, '2018-04-16 07:59:16', '0000-00-00 00:00:00', 1, 0),
(351, 4, 43, 0, 0, 1, 0, 1, '2018-04-16 07:59:16', '0000-00-00 00:00:00', 1, 0),
(352, 4, 44, 0, 0, 1, 0, 1, '2018-04-16 07:59:16', '0000-00-00 00:00:00', 1, 0),
(353, 4, 45, 0, 0, 0, 0, 1, '2018-04-16 07:59:16', '0000-00-00 00:00:00', 1, 0),
(354, 4, 47, 0, 0, 0, 0, 1, '2018-04-16 07:59:16', '0000-00-00 00:00:00', 1, 0),
(355, 4, 48, 0, 0, 0, 0, 1, '2018-04-16 07:59:16', '0000-00-00 00:00:00', 1, 0),
(356, 4, 69, 1, 1, 1, 1, 1, '2018-04-16 07:59:16', '0000-00-00 00:00:00', 1, 0),
(357, 4, 50, 0, 0, 0, 0, 1, '2018-04-16 07:59:16', '0000-00-00 00:00:00', 1, 0),
(358, 4, 51, 0, 0, 0, 0, 1, '2018-04-16 07:59:16', '0000-00-00 00:00:00', 1, 0),
(359, 4, 52, 0, 0, 0, 0, 1, '2018-04-16 07:59:16', '0000-00-00 00:00:00', 1, 0),
(360, 4, 53, 0, 0, 0, 0, 1, '2018-04-16 07:59:16', '0000-00-00 00:00:00', 1, 0),
(361, 4, 54, 0, 0, 0, 0, 1, '2018-04-16 07:59:16', '0000-00-00 00:00:00', 1, 0),
(362, 4, 56, 0, 0, 0, 0, 1, '2018-04-16 07:59:16', '0000-00-00 00:00:00', 1, 0),
(363, 4, 57, 0, 0, 0, 0, 1, '2018-04-16 07:59:16', '0000-00-00 00:00:00', 1, 0),
(364, 4, 58, 0, 0, 0, 0, 1, '2018-04-16 07:59:16', '0000-00-00 00:00:00', 1, 0),
(365, 4, 59, 0, 0, 0, 0, 1, '2018-04-16 07:59:16', '0000-00-00 00:00:00', 1, 0),
(366, 4, 60, 0, 0, 1, 0, 1, '2018-04-16 07:59:16', '0000-00-00 00:00:00', 1, 0),
(367, 4, 61, 1, 0, 1, 0, 1, '2018-04-16 07:59:17', '0000-00-00 00:00:00', 1, 0),
(368, 4, 62, 0, 0, 0, 0, 1, '2018-04-16 07:59:17', '0000-00-00 00:00:00', 1, 0),
(369, 6, 1, 0, 0, 0, 0, 1, '2018-04-16 08:15:42', '0000-00-00 00:00:00', 1, 0),
(370, 6, 2, 0, 0, 0, 0, 1, '2018-04-16 08:15:42', '0000-00-00 00:00:00', 1, 0),
(371, 6, 3, 0, 0, 0, 0, 1, '2018-04-16 08:15:42', '0000-00-00 00:00:00', 1, 0),
(372, 6, 4, 0, 0, 0, 0, 1, '2018-04-16 08:15:42', '0000-00-00 00:00:00', 1, 0),
(373, 6, 5, 0, 0, 0, 0, 1, '2018-04-16 08:15:42', '0000-00-00 00:00:00', 1, 0),
(374, 6, 6, 0, 0, 1, 0, 1, '2018-04-16 08:15:42', '0000-00-00 00:00:00', 1, 0),
(375, 6, 7, 0, 0, 0, 0, 1, '2018-04-16 08:15:42', '0000-00-00 00:00:00', 1, 0),
(376, 6, 8, 0, 0, 0, 0, 1, '2018-04-16 08:15:42', '0000-00-00 00:00:00', 1, 0),
(377, 6, 64, 0, 0, 0, 0, 1, '2018-04-16 08:15:42', '0000-00-00 00:00:00', 1, 0),
(378, 6, 65, 0, 0, 0, 0, 1, '2018-04-16 08:15:42', '0000-00-00 00:00:00', 1, 0),
(379, 6, 63, 0, 0, 0, 0, 1, '2018-04-16 08:15:42', '0000-00-00 00:00:00', 1, 0),
(380, 6, 10, 0, 0, 0, 0, 1, '2018-04-16 08:15:42', '0000-00-00 00:00:00', 1, 0),
(381, 6, 11, 0, 0, 1, 0, 1, '2018-04-16 08:15:42', '0000-00-00 00:00:00', 1, 0),
(382, 6, 12, 0, 0, 1, 0, 1, '2018-04-16 08:15:42', '0000-00-00 00:00:00', 1, 0),
(383, 6, 14, 0, 0, 0, 0, 1, '2018-04-16 08:15:42', '0000-00-00 00:00:00', 1, 0),
(384, 6, 15, 0, 0, 0, 0, 1, '2018-04-16 08:15:42', '0000-00-00 00:00:00', 1, 0),
(385, 6, 16, 0, 0, 0, 0, 1, '2018-04-16 08:15:42', '0000-00-00 00:00:00', 1, 0),
(386, 6, 17, 0, 0, 0, 0, 1, '2018-04-16 08:15:42', '0000-00-00 00:00:00', 1, 0),
(387, 6, 18, 0, 0, 0, 0, 1, '2018-04-16 08:15:42', '0000-00-00 00:00:00', 1, 0),
(388, 6, 19, 0, 0, 0, 0, 1, '2018-04-16 08:15:42', '0000-00-00 00:00:00', 1, 0),
(389, 6, 20, 0, 0, 0, 0, 1, '2018-04-16 08:15:42', '0000-00-00 00:00:00', 1, 0),
(390, 6, 21, 0, 0, 1, 0, 1, '2018-04-16 08:15:42', '0000-00-00 00:00:00', 1, 0),
(391, 6, 23, 0, 0, 0, 0, 1, '2018-04-16 08:15:42', '0000-00-00 00:00:00', 1, 0),
(392, 6, 24, 0, 0, 0, 0, 1, '2018-04-16 08:15:42', '0000-00-00 00:00:00', 1, 0),
(393, 6, 25, 0, 0, 0, 0, 1, '2018-04-16 08:15:42', '0000-00-00 00:00:00', 1, 0),
(394, 6, 26, 0, 0, 0, 0, 1, '2018-04-16 08:15:42', '0000-00-00 00:00:00', 1, 0),
(395, 6, 28, 0, 0, 0, 0, 1, '2018-04-16 08:15:42', '0000-00-00 00:00:00', 1, 0),
(396, 6, 29, 0, 0, 0, 0, 1, '2018-04-16 08:15:42', '0000-00-00 00:00:00', 1, 0),
(397, 6, 30, 0, 0, 0, 0, 1, '2018-04-16 08:15:42', '0000-00-00 00:00:00', 1, 0),
(398, 6, 31, 0, 0, 0, 0, 1, '2018-04-16 08:15:42', '0000-00-00 00:00:00', 1, 0),
(399, 6, 32, 0, 0, 0, 0, 1, '2018-04-16 08:15:42', '0000-00-00 00:00:00', 1, 0),
(400, 6, 33, 0, 0, 0, 0, 1, '2018-04-16 08:15:42', '0000-00-00 00:00:00', 1, 0),
(401, 6, 34, 0, 0, 0, 0, 1, '2018-04-16 08:15:42', '0000-00-00 00:00:00', 1, 0),
(402, 6, 35, 0, 0, 0, 0, 1, '2018-04-16 08:15:42', '0000-00-00 00:00:00', 1, 0),
(403, 6, 67, 0, 0, 0, 0, 1, '2018-04-16 08:15:42', '0000-00-00 00:00:00', 1, 0),
(404, 6, 68, 0, 0, 0, 0, 1, '2018-04-16 08:15:42', '0000-00-00 00:00:00', 1, 0),
(405, 6, 37, 0, 0, 0, 0, 1, '2018-04-16 08:15:42', '0000-00-00 00:00:00', 1, 0),
(406, 6, 38, 0, 0, 0, 0, 1, '2018-04-16 08:15:42', '0000-00-00 00:00:00', 1, 0),
(407, 6, 66, 0, 0, 0, 0, 1, '2018-04-16 08:15:43', '0000-00-00 00:00:00', 1, 0),
(408, 6, 40, 0, 0, 1, 0, 1, '2018-04-16 08:15:43', '0000-00-00 00:00:00', 1, 0),
(409, 6, 41, 0, 0, 1, 0, 1, '2018-04-16 08:15:43', '0000-00-00 00:00:00', 1, 0),
(410, 6, 42, 0, 0, 0, 0, 1, '2018-04-16 08:15:43', '0000-00-00 00:00:00', 1, 0),
(411, 6, 43, 0, 0, 0, 0, 1, '2018-04-16 08:15:43', '0000-00-00 00:00:00', 1, 0),
(412, 6, 44, 0, 0, 0, 0, 1, '2018-04-16 08:15:43', '0000-00-00 00:00:00', 1, 0),
(413, 6, 45, 0, 0, 0, 0, 1, '2018-04-16 08:15:43', '0000-00-00 00:00:00', 1, 0),
(414, 6, 47, 0, 0, 0, 0, 1, '2018-04-16 08:15:43', '0000-00-00 00:00:00', 1, 0),
(415, 6, 48, 0, 0, 0, 0, 1, '2018-04-16 08:15:43', '0000-00-00 00:00:00', 1, 0),
(416, 6, 69, 1, 1, 1, 1, 1, '2018-04-16 08:15:43', '0000-00-00 00:00:00', 1, 0),
(417, 6, 50, 0, 0, 0, 0, 1, '2018-04-16 08:15:43', '0000-00-00 00:00:00', 1, 0),
(418, 6, 51, 0, 0, 0, 0, 1, '2018-04-16 08:15:43', '0000-00-00 00:00:00', 1, 0),
(419, 6, 52, 0, 0, 0, 0, 1, '2018-04-16 08:15:43', '0000-00-00 00:00:00', 1, 0),
(420, 6, 53, 0, 0, 0, 0, 1, '2018-04-16 08:15:43', '0000-00-00 00:00:00', 1, 0),
(421, 6, 54, 0, 0, 0, 0, 1, '2018-04-16 08:15:43', '0000-00-00 00:00:00', 1, 0),
(422, 6, 56, 1, 1, 1, 0, 1, '2018-04-16 08:15:43', '0000-00-00 00:00:00', 1, 0),
(423, 6, 57, 1, 1, 1, 0, 1, '2018-04-16 08:15:43', '0000-00-00 00:00:00', 1, 0),
(424, 6, 58, 1, 1, 1, 0, 1, '2018-04-16 08:15:43', '0000-00-00 00:00:00', 1, 0),
(425, 6, 59, 1, 1, 1, 0, 1, '2018-04-16 08:15:43', '0000-00-00 00:00:00', 1, 0),
(426, 6, 60, 1, 1, 1, 0, 1, '2018-04-16 08:15:43', '0000-00-00 00:00:00', 1, 0),
(427, 6, 61, 1, 0, 1, 0, 1, '2018-04-16 08:15:43', '0000-00-00 00:00:00', 1, 0),
(428, 6, 62, 0, 0, 0, 0, 1, '2018-04-16 08:15:43', '0000-00-00 00:00:00', 1, 0),
(429, 7, 1, 0, 0, 0, 0, 1, '2018-04-16 07:44:59', '0000-00-00 00:00:00', 1, 0),
(430, 7, 2, 0, 0, 0, 0, 1, '2018-04-16 07:44:59', '0000-00-00 00:00:00', 1, 0),
(431, 7, 3, 0, 0, 0, 0, 1, '2018-04-16 07:44:59', '0000-00-00 00:00:00', 1, 0),
(432, 7, 4, 0, 0, 0, 0, 1, '2018-04-16 07:44:59', '0000-00-00 00:00:00', 1, 0),
(433, 7, 5, 0, 0, 0, 0, 1, '2018-04-16 07:44:59', '0000-00-00 00:00:00', 1, 0),
(434, 7, 6, 0, 0, 0, 0, 1, '2018-04-16 07:44:59', '0000-00-00 00:00:00', 1, 0),
(435, 7, 7, 0, 0, 0, 0, 1, '2018-04-16 07:44:59', '0000-00-00 00:00:00', 1, 0),
(436, 7, 8, 0, 0, 0, 0, 1, '2018-04-16 07:44:59', '0000-00-00 00:00:00', 1, 0),
(437, 7, 64, 0, 0, 0, 0, 1, '2018-04-16 07:44:59', '0000-00-00 00:00:00', 1, 0),
(438, 7, 65, 0, 0, 0, 0, 1, '2018-04-16 07:44:59', '0000-00-00 00:00:00', 1, 0),
(439, 7, 63, 0, 0, 0, 0, 1, '2018-04-16 07:44:59', '0000-00-00 00:00:00', 1, 0),
(440, 7, 10, 0, 0, 0, 0, 1, '2018-04-16 07:44:59', '0000-00-00 00:00:00', 1, 0),
(441, 7, 11, 0, 0, 0, 0, 1, '2018-04-16 07:44:59', '0000-00-00 00:00:00', 1, 0),
(442, 7, 12, 0, 0, 0, 0, 1, '2018-04-16 07:44:59', '0000-00-00 00:00:00', 1, 0),
(443, 7, 14, 0, 0, 0, 0, 1, '2018-04-16 07:44:59', '0000-00-00 00:00:00', 1, 0),
(444, 7, 15, 0, 0, 0, 0, 1, '2018-04-16 07:44:59', '0000-00-00 00:00:00', 1, 0),
(445, 7, 16, 0, 0, 0, 0, 1, '2018-04-16 07:44:59', '0000-00-00 00:00:00', 1, 0),
(446, 7, 17, 0, 0, 0, 0, 1, '2018-04-16 07:44:59', '0000-00-00 00:00:00', 1, 0),
(447, 7, 18, 0, 0, 0, 0, 1, '2018-04-16 07:44:59', '0000-00-00 00:00:00', 1, 0),
(448, 7, 19, 0, 0, 0, 0, 1, '2018-04-16 07:44:59', '0000-00-00 00:00:00', 1, 0),
(449, 7, 20, 0, 0, 0, 0, 1, '2018-04-16 07:44:59', '0000-00-00 00:00:00', 1, 0),
(450, 7, 21, 0, 0, 1, 0, 1, '2018-04-16 07:44:59', '0000-00-00 00:00:00', 1, 0),
(451, 7, 23, 0, 0, 0, 0, 1, '2018-04-16 07:44:59', '0000-00-00 00:00:00', 1, 0),
(452, 7, 24, 0, 0, 0, 0, 1, '2018-04-16 07:44:59', '0000-00-00 00:00:00', 1, 0),
(453, 7, 25, 0, 0, 0, 0, 1, '2018-04-16 07:44:59', '0000-00-00 00:00:00', 1, 0),
(454, 7, 26, 0, 0, 0, 0, 1, '2018-04-16 07:44:59', '0000-00-00 00:00:00', 1, 0),
(455, 7, 28, 0, 0, 0, 0, 1, '2018-04-16 07:44:59', '0000-00-00 00:00:00', 1, 0),
(456, 7, 29, 0, 0, 0, 0, 1, '2018-04-16 07:44:59', '0000-00-00 00:00:00', 1, 0),
(457, 7, 30, 0, 0, 0, 0, 1, '2018-04-16 07:44:59', '0000-00-00 00:00:00', 1, 0),
(458, 7, 31, 0, 0, 0, 0, 1, '2018-04-16 07:44:59', '0000-00-00 00:00:00', 1, 0),
(459, 7, 32, 0, 0, 0, 0, 1, '2018-04-16 07:44:59', '0000-00-00 00:00:00', 1, 0),
(460, 7, 33, 0, 0, 0, 0, 1, '2018-04-16 07:44:59', '0000-00-00 00:00:00', 1, 0),
(461, 7, 34, 0, 0, 0, 0, 1, '2018-04-16 07:44:59', '0000-00-00 00:00:00', 1, 0),
(462, 7, 35, 0, 0, 0, 0, 1, '2018-04-16 07:44:59', '0000-00-00 00:00:00', 1, 0),
(463, 7, 67, 0, 0, 0, 0, 1, '2018-04-16 07:44:59', '0000-00-00 00:00:00', 1, 0),
(464, 7, 68, 0, 0, 0, 0, 1, '2018-04-16 07:44:59', '0000-00-00 00:00:00', 1, 0),
(465, 7, 37, 1, 1, 1, 0, 1, '2018-04-16 07:44:59', '0000-00-00 00:00:00', 1, 0),
(466, 7, 38, 1, 0, 1, 0, 1, '2018-04-16 07:44:59', '0000-00-00 00:00:00', 1, 0),
(467, 7, 66, 1, 1, 1, 0, 1, '2018-04-16 07:44:59', '0000-00-00 00:00:00', 1, 0),
(468, 7, 40, 0, 0, 1, 0, 1, '2018-04-16 07:44:59', '0000-00-00 00:00:00', 1, 0),
(469, 7, 41, 0, 0, 1, 0, 1, '2018-04-16 07:44:59', '0000-00-00 00:00:00', 1, 0),
(470, 7, 42, 0, 0, 0, 0, 1, '2018-04-16 07:44:59', '0000-00-00 00:00:00', 1, 0),
(471, 7, 43, 0, 0, 0, 0, 1, '2018-04-16 07:44:59', '0000-00-00 00:00:00', 1, 0),
(472, 7, 44, 0, 0, 0, 0, 1, '2018-04-16 07:44:59', '0000-00-00 00:00:00', 1, 0),
(473, 7, 45, 0, 0, 0, 0, 1, '2018-04-16 07:44:59', '0000-00-00 00:00:00', 1, 0),
(474, 7, 47, 0, 0, 0, 0, 1, '2018-04-16 07:44:59', '0000-00-00 00:00:00', 1, 0),
(475, 7, 48, 0, 0, 0, 0, 1, '2018-04-16 07:44:59', '0000-00-00 00:00:00', 1, 0),
(476, 7, 69, 1, 1, 1, 1, 1, '2018-04-16 07:44:59', '0000-00-00 00:00:00', 1, 0),
(477, 7, 50, 0, 0, 0, 0, 1, '2018-04-16 07:44:59', '0000-00-00 00:00:00', 1, 0),
(478, 7, 51, 0, 0, 0, 0, 1, '2018-04-16 07:44:59', '0000-00-00 00:00:00', 1, 0),
(479, 7, 52, 0, 0, 0, 0, 1, '2018-04-16 07:44:59', '0000-00-00 00:00:00', 1, 0),
(480, 7, 53, 0, 0, 0, 0, 1, '2018-04-16 07:44:59', '0000-00-00 00:00:00', 1, 0),
(481, 7, 54, 0, 0, 0, 0, 1, '2018-04-16 07:44:59', '0000-00-00 00:00:00', 1, 0),
(482, 7, 56, 0, 0, 0, 0, 1, '2018-04-16 07:44:59', '0000-00-00 00:00:00', 1, 0),
(483, 7, 57, 0, 0, 0, 0, 1, '2018-04-16 07:44:59', '0000-00-00 00:00:00', 1, 0),
(484, 7, 58, 0, 0, 0, 0, 1, '2018-04-16 07:44:59', '0000-00-00 00:00:00', 1, 0),
(485, 7, 59, 0, 0, 0, 0, 1, '2018-04-16 07:44:59', '0000-00-00 00:00:00', 1, 0),
(486, 7, 60, 0, 0, 0, 0, 1, '2018-04-16 07:44:59', '0000-00-00 00:00:00', 1, 0),
(487, 7, 61, 0, 0, 0, 0, 1, '2018-04-16 07:44:59', '0000-00-00 00:00:00', 1, 0),
(488, 7, 62, 0, 0, 0, 0, 1, '2018-04-16 07:44:59', '0000-00-00 00:00:00', 1, 0),
(489, 8, 1, 0, 0, 0, 0, 1, '2018-04-16 07:44:14', '0000-00-00 00:00:00', 1, 0),
(490, 8, 2, 0, 0, 0, 0, 1, '2018-04-16 07:44:14', '0000-00-00 00:00:00', 1, 0),
(491, 8, 3, 0, 0, 0, 0, 1, '2018-04-16 07:44:14', '0000-00-00 00:00:00', 1, 0),
(492, 8, 4, 0, 0, 0, 0, 1, '2018-04-16 07:44:14', '0000-00-00 00:00:00', 1, 0),
(493, 8, 5, 0, 0, 0, 0, 1, '2018-04-16 07:44:14', '0000-00-00 00:00:00', 1, 0),
(494, 8, 6, 0, 0, 0, 0, 1, '2018-04-16 07:44:14', '0000-00-00 00:00:00', 1, 0),
(495, 8, 7, 0, 0, 0, 0, 1, '2018-04-16 07:44:14', '0000-00-00 00:00:00', 1, 0),
(496, 8, 8, 0, 0, 0, 0, 1, '2018-04-16 07:44:14', '0000-00-00 00:00:00', 1, 0),
(497, 8, 64, 0, 0, 0, 0, 1, '2018-04-16 07:44:14', '0000-00-00 00:00:00', 1, 0),
(498, 8, 65, 0, 0, 0, 0, 1, '2018-04-16 07:44:14', '0000-00-00 00:00:00', 1, 0),
(499, 8, 63, 0, 0, 0, 0, 1, '2018-04-16 07:44:14', '0000-00-00 00:00:00', 1, 0),
(500, 8, 10, 0, 0, 0, 0, 1, '2018-04-16 07:44:14', '0000-00-00 00:00:00', 1, 0),
(501, 8, 11, 0, 0, 1, 0, 1, '2018-04-16 07:44:14', '0000-00-00 00:00:00', 1, 0),
(502, 8, 12, 0, 0, 1, 0, 1, '2018-04-16 07:44:14', '0000-00-00 00:00:00', 1, 0),
(503, 8, 14, 0, 0, 0, 0, 1, '2018-04-16 07:44:14', '0000-00-00 00:00:00', 1, 0),
(504, 8, 15, 0, 0, 0, 0, 1, '2018-04-16 07:44:14', '0000-00-00 00:00:00', 1, 0),
(505, 8, 16, 0, 0, 0, 0, 1, '2018-04-16 07:44:14', '0000-00-00 00:00:00', 1, 0),
(506, 8, 17, 0, 0, 0, 0, 1, '2018-04-16 07:44:14', '0000-00-00 00:00:00', 1, 0),
(507, 8, 18, 0, 0, 0, 0, 1, '2018-04-16 07:44:14', '0000-00-00 00:00:00', 1, 0),
(508, 8, 19, 0, 0, 0, 0, 1, '2018-04-16 07:44:14', '0000-00-00 00:00:00', 1, 0),
(509, 8, 20, 0, 0, 1, 0, 1, '2018-04-16 07:44:14', '0000-00-00 00:00:00', 1, 0),
(510, 8, 21, 0, 0, 1, 0, 1, '2018-04-16 07:44:14', '0000-00-00 00:00:00', 1, 0),
(511, 8, 23, 0, 0, 0, 0, 1, '2018-04-16 07:44:14', '0000-00-00 00:00:00', 1, 0),
(512, 8, 24, 0, 0, 0, 0, 1, '2018-04-16 07:44:14', '0000-00-00 00:00:00', 1, 0),
(513, 8, 25, 0, 0, 0, 0, 1, '2018-04-16 07:44:14', '0000-00-00 00:00:00', 1, 0),
(514, 8, 26, 0, 0, 0, 0, 1, '2018-04-16 07:44:14', '0000-00-00 00:00:00', 1, 0),
(515, 8, 28, 0, 0, 0, 0, 1, '2018-04-16 07:44:14', '0000-00-00 00:00:00', 1, 0),
(516, 8, 29, 0, 0, 0, 0, 1, '2018-04-16 07:44:14', '0000-00-00 00:00:00', 1, 0),
(517, 8, 30, 0, 0, 0, 0, 1, '2018-04-16 07:44:14', '0000-00-00 00:00:00', 1, 0),
(518, 8, 31, 0, 0, 0, 0, 1, '2018-04-16 07:44:14', '0000-00-00 00:00:00', 1, 0),
(519, 8, 32, 0, 0, 0, 0, 1, '2018-04-16 07:44:14', '0000-00-00 00:00:00', 1, 0),
(520, 8, 33, 0, 0, 0, 0, 1, '2018-04-16 07:44:14', '0000-00-00 00:00:00', 1, 0),
(521, 8, 34, 0, 0, 0, 0, 1, '2018-04-16 07:44:14', '0000-00-00 00:00:00', 1, 0),
(522, 8, 35, 0, 0, 0, 0, 1, '2018-04-16 07:44:14', '0000-00-00 00:00:00', 1, 0),
(523, 8, 67, 0, 0, 0, 0, 1, '2018-04-16 07:44:14', '0000-00-00 00:00:00', 1, 0),
(524, 8, 68, 0, 0, 0, 0, 1, '2018-04-16 07:44:14', '0000-00-00 00:00:00', 1, 0),
(525, 8, 37, 0, 0, 0, 0, 1, '2018-04-16 07:44:14', '0000-00-00 00:00:00', 1, 0),
(526, 8, 38, 0, 0, 0, 0, 1, '2018-04-16 07:44:14', '0000-00-00 00:00:00', 1, 0),
(527, 8, 66, 0, 0, 0, 0, 1, '2018-04-16 07:44:14', '0000-00-00 00:00:00', 1, 0),
(528, 8, 40, 0, 0, 1, 0, 1, '2018-04-16 07:44:14', '0000-00-00 00:00:00', 1, 0),
(529, 8, 41, 0, 0, 1, 0, 1, '2018-04-16 07:44:14', '0000-00-00 00:00:00', 1, 0),
(530, 8, 42, 0, 0, 0, 0, 1, '2018-04-16 07:44:14', '0000-00-00 00:00:00', 1, 0),
(531, 8, 43, 0, 0, 1, 0, 1, '2018-04-16 07:44:14', '0000-00-00 00:00:00', 1, 0),
(532, 8, 44, 0, 0, 1, 0, 1, '2018-04-16 07:44:14', '0000-00-00 00:00:00', 1, 0),
(533, 8, 45, 0, 0, 0, 0, 1, '2018-04-16 07:44:14', '0000-00-00 00:00:00', 1, 0),
(534, 8, 47, 0, 0, 0, 0, 1, '2018-04-16 07:44:14', '0000-00-00 00:00:00', 1, 0),
(535, 8, 48, 0, 0, 0, 0, 1, '2018-04-16 07:44:14', '0000-00-00 00:00:00', 1, 0),
(536, 8, 69, 1, 1, 1, 1, 1, '2018-04-16 07:44:14', '0000-00-00 00:00:00', 1, 0),
(537, 8, 50, 0, 0, 0, 0, 1, '2018-04-16 07:44:14', '0000-00-00 00:00:00', 1, 0),
(538, 8, 51, 0, 0, 0, 0, 1, '2018-04-16 07:44:14', '0000-00-00 00:00:00', 1, 0),
(539, 8, 52, 0, 0, 0, 0, 1, '2018-04-16 07:44:14', '0000-00-00 00:00:00', 1, 0),
(540, 8, 53, 0, 0, 0, 0, 1, '2018-04-16 07:44:14', '0000-00-00 00:00:00', 1, 0),
(541, 8, 54, 1, 1, 1, 0, 1, '2018-04-16 07:44:14', '0000-00-00 00:00:00', 1, 0),
(542, 8, 56, 0, 0, 0, 0, 1, '2018-04-16 07:44:14', '0000-00-00 00:00:00', 1, 0),
(543, 8, 57, 0, 0, 0, 0, 1, '2018-04-16 07:44:14', '0000-00-00 00:00:00', 1, 0),
(544, 8, 58, 0, 0, 0, 0, 1, '2018-04-16 07:44:14', '0000-00-00 00:00:00', 1, 0),
(545, 8, 59, 0, 0, 0, 0, 1, '2018-04-16 07:44:14', '0000-00-00 00:00:00', 1, 0),
(546, 8, 60, 0, 0, 0, 0, 1, '2018-04-16 07:44:14', '0000-00-00 00:00:00', 1, 0),
(547, 8, 61, 0, 0, 0, 0, 1, '2018-04-16 07:44:14', '0000-00-00 00:00:00', 1, 0),
(548, 8, 62, 0, 0, 0, 0, 1, '2018-04-16 07:44:14', '0000-00-00 00:00:00', 1, 0),
(549, 9, 1, 0, 0, 0, 0, 1, '2018-04-16 07:42:50', '0000-00-00 00:00:00', 1, 0),
(550, 9, 2, 0, 0, 0, 0, 1, '2018-04-16 07:42:50', '0000-00-00 00:00:00', 1, 0),
(551, 9, 3, 0, 0, 0, 0, 1, '2018-04-16 07:42:50', '0000-00-00 00:00:00', 1, 0),
(552, 9, 4, 0, 0, 0, 0, 1, '2018-04-16 07:42:50', '0000-00-00 00:00:00', 1, 0),
(553, 9, 5, 0, 0, 0, 0, 1, '2018-04-16 07:42:50', '0000-00-00 00:00:00', 1, 0),
(554, 9, 6, 0, 0, 0, 0, 1, '2018-04-16 07:42:50', '0000-00-00 00:00:00', 1, 0),
(555, 9, 7, 0, 0, 0, 0, 1, '2018-04-16 07:42:50', '0000-00-00 00:00:00', 1, 0),
(556, 9, 8, 0, 0, 0, 0, 1, '2018-04-16 07:42:50', '0000-00-00 00:00:00', 1, 0),
(557, 9, 64, 0, 0, 0, 0, 1, '2018-04-16 07:42:50', '0000-00-00 00:00:00', 1, 0),
(558, 9, 65, 0, 0, 0, 0, 1, '2018-04-16 07:42:50', '0000-00-00 00:00:00', 1, 0),
(559, 9, 63, 0, 0, 0, 0, 1, '2018-04-16 07:42:50', '0000-00-00 00:00:00', 1, 0),
(560, 9, 10, 0, 0, 0, 0, 1, '2018-04-16 07:42:50', '0000-00-00 00:00:00', 1, 0),
(561, 9, 11, 0, 0, 0, 0, 1, '2018-04-16 07:42:50', '0000-00-00 00:00:00', 1, 0),
(562, 9, 12, 0, 0, 0, 0, 1, '2018-04-16 07:42:50', '0000-00-00 00:00:00', 1, 0),
(563, 9, 14, 0, 0, 0, 0, 1, '2018-04-16 07:42:50', '0000-00-00 00:00:00', 1, 0),
(564, 9, 15, 0, 0, 0, 0, 1, '2018-04-16 07:42:50', '0000-00-00 00:00:00', 1, 0),
(565, 9, 16, 0, 0, 0, 0, 1, '2018-04-16 07:42:50', '0000-00-00 00:00:00', 1, 0),
(566, 9, 17, 0, 0, 0, 0, 1, '2018-04-16 07:42:50', '0000-00-00 00:00:00', 1, 0),
(567, 9, 18, 0, 0, 0, 0, 1, '2018-04-16 07:42:50', '0000-00-00 00:00:00', 1, 0),
(568, 9, 19, 0, 0, 0, 0, 1, '2018-04-16 07:42:50', '0000-00-00 00:00:00', 1, 0),
(569, 9, 20, 0, 0, 0, 0, 1, '2018-04-16 07:42:50', '0000-00-00 00:00:00', 1, 0),
(570, 9, 21, 0, 0, 0, 0, 1, '2018-04-16 07:42:50', '0000-00-00 00:00:00', 1, 0),
(571, 9, 23, 0, 0, 0, 0, 1, '2018-04-16 07:42:50', '0000-00-00 00:00:00', 1, 0),
(572, 9, 24, 0, 0, 0, 0, 1, '2018-04-16 07:42:50', '0000-00-00 00:00:00', 1, 0),
(573, 9, 25, 0, 0, 0, 0, 1, '2018-04-16 07:42:50', '0000-00-00 00:00:00', 1, 0),
(574, 9, 26, 0, 0, 0, 0, 1, '2018-04-16 07:42:50', '0000-00-00 00:00:00', 1, 0),
(575, 9, 28, 0, 0, 0, 0, 1, '2018-04-16 07:42:50', '0000-00-00 00:00:00', 1, 0),
(576, 9, 29, 0, 0, 0, 0, 1, '2018-04-16 07:42:50', '0000-00-00 00:00:00', 1, 0),
(577, 9, 30, 0, 0, 0, 0, 1, '2018-04-16 07:42:50', '0000-00-00 00:00:00', 1, 0),
(578, 9, 31, 0, 0, 0, 0, 1, '2018-04-16 07:42:50', '0000-00-00 00:00:00', 1, 0),
(579, 9, 32, 0, 0, 0, 0, 1, '2018-04-16 07:42:50', '0000-00-00 00:00:00', 1, 0),
(580, 9, 33, 0, 0, 0, 0, 1, '2018-04-16 07:42:50', '0000-00-00 00:00:00', 1, 0),
(581, 9, 34, 0, 0, 0, 0, 1, '2018-04-16 07:42:50', '0000-00-00 00:00:00', 1, 0),
(582, 9, 35, 0, 0, 0, 0, 1, '2018-04-16 07:42:50', '0000-00-00 00:00:00', 1, 0),
(583, 9, 67, 0, 0, 0, 0, 1, '2018-04-16 07:42:50', '0000-00-00 00:00:00', 1, 0),
(584, 9, 68, 0, 0, 0, 0, 1, '2018-04-16 07:42:50', '0000-00-00 00:00:00', 1, 0),
(585, 9, 37, 0, 0, 0, 0, 1, '2018-04-16 07:42:50', '0000-00-00 00:00:00', 1, 0),
(586, 9, 38, 0, 0, 0, 0, 1, '2018-04-16 07:42:50', '0000-00-00 00:00:00', 1, 0),
(587, 9, 66, 0, 0, 0, 0, 1, '2018-04-16 07:42:50', '0000-00-00 00:00:00', 1, 0),
(588, 9, 40, 0, 0, 1, 0, 1, '2018-04-16 07:42:50', '0000-00-00 00:00:00', 1, 0),
(589, 9, 41, 0, 0, 1, 0, 1, '2018-04-16 07:42:50', '0000-00-00 00:00:00', 1, 0),
(590, 9, 42, 0, 0, 0, 0, 1, '2018-04-16 07:42:50', '0000-00-00 00:00:00', 1, 0),
(591, 9, 43, 0, 0, 1, 0, 1, '2018-04-16 07:42:50', '0000-00-00 00:00:00', 1, 0),
(592, 9, 44, 0, 0, 1, 0, 1, '2018-04-16 07:42:50', '0000-00-00 00:00:00', 1, 0),
(593, 9, 45, 0, 0, 0, 0, 1, '2018-04-16 07:42:50', '0000-00-00 00:00:00', 1, 0),
(594, 9, 47, 0, 0, 0, 0, 1, '2018-04-16 07:42:50', '0000-00-00 00:00:00', 1, 0),
(595, 9, 48, 0, 0, 0, 0, 1, '2018-04-16 07:42:50', '0000-00-00 00:00:00', 1, 0),
(596, 9, 69, 0, 0, 1, 0, 1, '2018-04-16 07:42:50', '0000-00-00 00:00:00', 1, 0),
(597, 9, 50, 0, 0, 0, 0, 1, '2018-04-16 07:42:50', '0000-00-00 00:00:00', 1, 0),
(598, 9, 51, 0, 0, 0, 0, 1, '2018-04-16 07:42:50', '0000-00-00 00:00:00', 1, 0),
(599, 9, 52, 0, 0, 0, 0, 1, '2018-04-16 07:42:50', '0000-00-00 00:00:00', 1, 0),
(600, 9, 53, 0, 0, 0, 0, 1, '2018-04-16 07:42:50', '0000-00-00 00:00:00', 1, 0),
(601, 9, 54, 0, 0, 0, 0, 1, '2018-04-16 07:42:50', '0000-00-00 00:00:00', 1, 0),
(602, 9, 56, 0, 0, 0, 0, 1, '2018-04-16 07:42:50', '0000-00-00 00:00:00', 1, 0),
(603, 9, 57, 0, 0, 0, 0, 1, '2018-04-16 07:42:50', '0000-00-00 00:00:00', 1, 0),
(604, 9, 58, 0, 0, 0, 0, 1, '2018-04-16 07:42:50', '0000-00-00 00:00:00', 1, 0),
(605, 9, 59, 0, 0, 0, 0, 1, '2018-04-16 07:42:50', '0000-00-00 00:00:00', 1, 0),
(606, 9, 60, 0, 0, 0, 0, 1, '2018-04-16 07:42:50', '0000-00-00 00:00:00', 1, 0),
(607, 9, 61, 0, 0, 0, 0, 1, '2018-04-16 07:42:50', '0000-00-00 00:00:00', 1, 0),
(608, 9, 62, 0, 0, 0, 0, 1, '2018-04-16 07:42:50', '0000-00-00 00:00:00', 1, 0),
(609, 1, 70, 1, 1, 1, 1, 1, '2018-04-01 00:40:01', '0000-00-00 00:00:00', 1, 0),
(610, 1, 71, 0, 0, 1, 0, 1, '2018-04-01 00:40:01', '0000-00-00 00:00:00', 1, 0),
(611, 1, 72, 1, 1, 1, 1, 1, '2018-04-01 00:40:01', '0000-00-00 00:00:00', 1, 0),
(612, 1, 73, 1, 1, 1, 1, 1, '2018-04-01 00:40:01', '0000-00-00 00:00:00', 1, 0),
(613, 1, 74, 1, 1, 1, 1, 1, '2018-04-01 00:40:01', '0000-00-00 00:00:00', 1, 0),
(614, 1, 75, 1, 1, 1, 1, 1, '2018-04-01 00:40:01', '0000-00-00 00:00:00', 1, 0),
(615, 1, 76, 1, 1, 1, 1, 1, '2018-04-01 00:40:01', '0000-00-00 00:00:00', 1, 0),
(616, 1, 77, 1, 1, 1, 1, 1, '2018-04-01 00:40:01', '0000-00-00 00:00:00', 1, 0),
(617, 1, 78, 0, 0, 1, 0, 1, '2018-04-01 00:40:01', '0000-00-00 00:00:00', 1, 0),
(618, 4, 70, 0, 0, 0, 0, 1, '2018-04-16 07:59:17', '0000-00-00 00:00:00', 1, 0),
(619, 4, 71, 0, 0, 0, 0, 1, '2018-04-16 07:59:17', '0000-00-00 00:00:00', 1, 0),
(620, 4, 72, 0, 0, 0, 0, 1, '2018-04-16 07:59:17', '0000-00-00 00:00:00', 1, 0),
(621, 4, 73, 0, 0, 0, 0, 1, '2018-04-16 07:59:17', '0000-00-00 00:00:00', 1, 0),
(622, 4, 74, 0, 0, 0, 0, 1, '2018-04-16 07:59:17', '0000-00-00 00:00:00', 1, 0),
(623, 4, 77, 0, 0, 0, 0, 1, '2018-04-16 07:59:17', '0000-00-00 00:00:00', 1, 0),
(624, 4, 75, 0, 0, 0, 0, 1, '2018-04-16 07:59:17', '0000-00-00 00:00:00', 1, 0),
(625, 4, 76, 0, 0, 0, 0, 1, '2018-04-16 07:59:17', '0000-00-00 00:00:00', 1, 0),
(626, 4, 78, 0, 0, 0, 0, 1, '2018-04-16 07:59:17', '0000-00-00 00:00:00', 1, 0),
(627, 14, 1, 0, 0, 0, 0, 1, '2018-04-14 07:39:04', '0000-00-00 00:00:00', 1, 0),
(628, 14, 2, 0, 0, 0, 0, 1, '2018-04-14 07:39:04', '0000-00-00 00:00:00', 1, 0),
(629, 14, 3, 0, 0, 0, 0, 1, '2018-04-14 07:39:04', '0000-00-00 00:00:00', 1, 0),
(630, 14, 4, 0, 0, 0, 0, 1, '2018-04-14 07:39:04', '0000-00-00 00:00:00', 1, 0),
(631, 14, 5, 0, 0, 0, 0, 1, '2018-04-14 07:39:04', '0000-00-00 00:00:00', 1, 0),
(632, 14, 6, 0, 0, 0, 0, 1, '2018-04-14 07:39:04', '0000-00-00 00:00:00', 1, 0);
INSERT INTO `privileges` (`id`, `role_id`, `operation_id`, `is_add`, `is_edit`, `is_view`, `is_delete`, `status`, `created_at`, `modified_at`, `created_by`, `modified_by`) VALUES
(633, 14, 7, 0, 0, 0, 0, 1, '2018-04-14 07:39:04', '0000-00-00 00:00:00', 1, 0),
(634, 14, 8, 0, 0, 0, 0, 1, '2018-04-14 07:39:04', '0000-00-00 00:00:00', 1, 0),
(635, 14, 64, 0, 0, 0, 0, 1, '2018-04-14 07:39:04', '0000-00-00 00:00:00', 1, 0),
(636, 14, 65, 0, 0, 0, 0, 1, '2018-04-14 07:39:04', '0000-00-00 00:00:00', 1, 0),
(637, 14, 63, 0, 0, 0, 0, 1, '2018-04-14 07:39:04', '0000-00-00 00:00:00', 1, 0),
(638, 14, 10, 0, 0, 0, 0, 1, '2018-04-14 07:39:04', '0000-00-00 00:00:00', 1, 0),
(639, 14, 11, 0, 0, 0, 0, 1, '2018-04-14 07:39:04', '0000-00-00 00:00:00', 1, 0),
(640, 14, 12, 0, 0, 0, 0, 1, '2018-04-14 07:39:04', '0000-00-00 00:00:00', 1, 0),
(641, 14, 14, 0, 0, 0, 0, 1, '2018-04-14 07:39:04', '0000-00-00 00:00:00', 1, 0),
(642, 14, 15, 0, 0, 0, 0, 1, '2018-04-14 07:39:04', '0000-00-00 00:00:00', 1, 0),
(643, 14, 16, 0, 0, 0, 0, 1, '2018-04-14 07:39:04', '0000-00-00 00:00:00', 1, 0),
(644, 14, 17, 0, 0, 0, 0, 1, '2018-04-14 07:39:04', '0000-00-00 00:00:00', 1, 0),
(645, 14, 18, 0, 0, 0, 0, 1, '2018-04-14 07:39:04', '0000-00-00 00:00:00', 1, 0),
(646, 14, 19, 0, 0, 0, 0, 1, '2018-04-14 07:39:04', '0000-00-00 00:00:00', 1, 0),
(647, 14, 20, 0, 0, 0, 0, 1, '2018-04-14 07:39:04', '0000-00-00 00:00:00', 1, 0),
(648, 14, 21, 0, 0, 0, 0, 1, '2018-04-14 07:39:04', '0000-00-00 00:00:00', 1, 0),
(649, 14, 23, 0, 0, 0, 0, 1, '2018-04-14 07:39:04', '0000-00-00 00:00:00', 1, 0),
(650, 14, 24, 0, 0, 0, 0, 1, '2018-04-14 07:39:04', '0000-00-00 00:00:00', 1, 0),
(651, 14, 25, 0, 0, 0, 0, 1, '2018-04-14 07:39:04', '0000-00-00 00:00:00', 1, 0),
(652, 14, 26, 0, 0, 0, 0, 1, '2018-04-14 07:39:04', '0000-00-00 00:00:00', 1, 0),
(653, 14, 28, 0, 0, 0, 0, 1, '2018-04-14 07:39:04', '0000-00-00 00:00:00', 1, 0),
(654, 14, 29, 0, 0, 0, 0, 1, '2018-04-14 07:39:04', '0000-00-00 00:00:00', 1, 0),
(655, 14, 30, 0, 0, 0, 0, 1, '2018-04-14 07:39:04', '0000-00-00 00:00:00', 1, 0),
(656, 14, 31, 0, 0, 0, 0, 1, '2018-04-14 07:39:04', '0000-00-00 00:00:00', 1, 0),
(657, 14, 32, 0, 0, 0, 0, 1, '2018-04-14 07:39:04', '0000-00-00 00:00:00', 1, 0),
(658, 14, 33, 0, 0, 0, 0, 1, '2018-04-14 07:39:04', '0000-00-00 00:00:00', 1, 0),
(659, 14, 34, 0, 0, 0, 0, 1, '2018-04-14 07:39:04', '0000-00-00 00:00:00', 1, 0),
(660, 14, 35, 0, 0, 0, 0, 1, '2018-04-14 07:39:04', '0000-00-00 00:00:00', 1, 0),
(661, 14, 67, 0, 0, 0, 0, 1, '2018-04-14 07:39:04', '0000-00-00 00:00:00', 1, 0),
(662, 14, 68, 0, 0, 0, 0, 1, '2018-04-14 07:39:04', '0000-00-00 00:00:00', 1, 0),
(663, 14, 37, 0, 0, 0, 0, 1, '2018-04-14 07:39:04', '0000-00-00 00:00:00', 1, 0),
(664, 14, 38, 0, 0, 0, 0, 1, '2018-04-14 07:39:04', '0000-00-00 00:00:00', 1, 0),
(665, 14, 66, 0, 0, 0, 0, 1, '2018-04-14 07:39:04', '0000-00-00 00:00:00', 1, 0),
(666, 14, 40, 0, 0, 0, 0, 1, '2018-04-14 07:39:04', '0000-00-00 00:00:00', 1, 0),
(667, 14, 41, 0, 0, 0, 0, 1, '2018-04-14 07:39:04', '0000-00-00 00:00:00', 1, 0),
(668, 14, 42, 0, 0, 0, 0, 1, '2018-04-14 07:39:04', '0000-00-00 00:00:00', 1, 0),
(669, 14, 43, 0, 0, 0, 0, 1, '2018-04-14 07:39:04', '0000-00-00 00:00:00', 1, 0),
(670, 14, 44, 0, 0, 0, 0, 1, '2018-04-14 07:39:04', '0000-00-00 00:00:00', 1, 0),
(671, 14, 45, 0, 0, 0, 0, 1, '2018-04-14 07:39:04', '0000-00-00 00:00:00', 1, 0),
(672, 14, 47, 0, 0, 0, 0, 1, '2018-04-14 07:39:04', '0000-00-00 00:00:00', 1, 0),
(673, 14, 48, 0, 0, 0, 0, 1, '2018-04-14 07:39:04', '0000-00-00 00:00:00', 1, 0),
(674, 14, 69, 0, 0, 0, 0, 1, '2018-04-14 07:39:04', '0000-00-00 00:00:00', 1, 0),
(675, 14, 50, 0, 0, 0, 0, 1, '2018-04-14 07:39:04', '0000-00-00 00:00:00', 1, 0),
(676, 14, 51, 0, 0, 0, 0, 1, '2018-04-14 07:39:04', '0000-00-00 00:00:00', 1, 0),
(677, 14, 52, 0, 0, 0, 0, 1, '2018-04-14 07:39:04', '0000-00-00 00:00:00', 1, 0),
(678, 14, 53, 0, 0, 0, 0, 1, '2018-04-14 07:39:04', '0000-00-00 00:00:00', 1, 0),
(679, 14, 54, 0, 0, 0, 0, 1, '2018-04-14 07:39:04', '0000-00-00 00:00:00', 1, 0),
(680, 14, 56, 0, 0, 0, 0, 1, '2018-04-14 07:39:04', '0000-00-00 00:00:00', 1, 0),
(681, 14, 57, 0, 0, 0, 0, 1, '2018-04-14 07:39:04', '0000-00-00 00:00:00', 1, 0),
(682, 14, 58, 0, 0, 0, 0, 1, '2018-04-14 07:39:04', '0000-00-00 00:00:00', 1, 0),
(683, 14, 59, 0, 0, 0, 0, 1, '2018-04-14 07:39:04', '0000-00-00 00:00:00', 1, 0),
(684, 14, 60, 0, 0, 0, 0, 1, '2018-04-14 07:39:04', '0000-00-00 00:00:00', 1, 0),
(685, 14, 61, 0, 0, 0, 0, 1, '2018-04-14 07:39:04', '0000-00-00 00:00:00', 1, 0),
(686, 14, 62, 0, 0, 0, 0, 1, '2018-04-14 07:39:04', '0000-00-00 00:00:00', 1, 0),
(687, 14, 70, 0, 0, 0, 0, 1, '2018-04-14 07:39:04', '0000-00-00 00:00:00', 1, 0),
(688, 14, 71, 0, 0, 0, 0, 1, '2018-04-14 07:39:04', '0000-00-00 00:00:00', 1, 0),
(689, 14, 72, 0, 0, 0, 0, 1, '2018-04-14 07:39:04', '0000-00-00 00:00:00', 1, 0),
(690, 14, 73, 0, 0, 0, 0, 1, '2018-04-14 07:39:04', '0000-00-00 00:00:00', 1, 0),
(691, 14, 74, 0, 0, 0, 0, 1, '2018-04-14 07:39:04', '0000-00-00 00:00:00', 1, 0),
(692, 14, 77, 0, 0, 0, 0, 1, '2018-04-14 07:39:04', '0000-00-00 00:00:00', 1, 0),
(693, 14, 75, 0, 0, 0, 0, 1, '2018-04-14 07:39:04', '0000-00-00 00:00:00', 1, 0),
(694, 14, 76, 0, 0, 0, 0, 1, '2018-04-14 07:39:04', '0000-00-00 00:00:00', 1, 0),
(695, 14, 78, 0, 0, 0, 0, 1, '2018-04-14 07:39:04', '0000-00-00 00:00:00', 1, 0),
(696, 3, 70, 0, 0, 0, 0, 1, '2018-04-16 08:00:05', '0000-00-00 00:00:00', 1, 0),
(697, 3, 71, 0, 0, 0, 0, 1, '2018-04-16 08:00:05', '0000-00-00 00:00:00', 1, 0),
(698, 3, 72, 0, 0, 0, 0, 1, '2018-04-16 08:00:05', '0000-00-00 00:00:00', 1, 0),
(699, 3, 73, 0, 0, 0, 0, 1, '2018-04-16 08:00:05', '0000-00-00 00:00:00', 1, 0),
(700, 3, 74, 0, 0, 0, 0, 1, '2018-04-16 08:00:05', '0000-00-00 00:00:00', 1, 0),
(701, 3, 77, 0, 0, 0, 0, 1, '2018-04-16 08:00:05', '0000-00-00 00:00:00', 1, 0),
(702, 3, 75, 0, 0, 0, 0, 1, '2018-04-16 08:00:05', '0000-00-00 00:00:00', 1, 0),
(703, 3, 76, 0, 0, 0, 0, 1, '2018-04-16 08:00:05', '0000-00-00 00:00:00', 1, 0),
(704, 3, 78, 0, 0, 0, 0, 1, '2018-04-16 08:00:05', '0000-00-00 00:00:00', 1, 0),
(705, 9, 70, 0, 0, 0, 0, 1, '2018-04-16 07:42:50', '0000-00-00 00:00:00', 1, 0),
(706, 9, 71, 0, 0, 0, 0, 1, '2018-04-16 07:42:50', '0000-00-00 00:00:00', 1, 0),
(707, 9, 72, 0, 0, 0, 0, 1, '2018-04-16 07:42:50', '0000-00-00 00:00:00', 1, 0),
(708, 9, 73, 0, 0, 0, 0, 1, '2018-04-16 07:42:50', '0000-00-00 00:00:00', 1, 0),
(709, 9, 74, 0, 0, 0, 0, 1, '2018-04-16 07:42:50', '0000-00-00 00:00:00', 1, 0),
(710, 9, 77, 0, 0, 0, 0, 1, '2018-04-16 07:42:50', '0000-00-00 00:00:00', 1, 0),
(711, 9, 75, 0, 0, 0, 0, 1, '2018-04-16 07:42:50', '0000-00-00 00:00:00', 1, 0),
(712, 9, 76, 0, 0, 0, 0, 1, '2018-04-16 07:42:50', '0000-00-00 00:00:00', 1, 0),
(713, 9, 78, 0, 0, 0, 0, 1, '2018-04-16 07:42:50', '0000-00-00 00:00:00', 1, 0),
(714, 8, 70, 0, 0, 0, 0, 1, '2018-04-16 07:44:14', '0000-00-00 00:00:00', 1, 0),
(715, 8, 71, 0, 0, 0, 0, 1, '2018-04-16 07:44:14', '0000-00-00 00:00:00', 1, 0),
(716, 8, 72, 0, 0, 0, 0, 1, '2018-04-16 07:44:14', '0000-00-00 00:00:00', 1, 0),
(717, 8, 73, 0, 0, 0, 0, 1, '2018-04-16 07:44:14', '0000-00-00 00:00:00', 1, 0),
(718, 8, 74, 0, 0, 0, 0, 1, '2018-04-16 07:44:14', '0000-00-00 00:00:00', 1, 0),
(719, 8, 77, 0, 0, 0, 0, 1, '2018-04-16 07:44:14', '0000-00-00 00:00:00', 1, 0),
(720, 8, 75, 0, 0, 0, 0, 1, '2018-04-16 07:44:14', '0000-00-00 00:00:00', 1, 0),
(721, 8, 76, 0, 0, 0, 0, 1, '2018-04-16 07:44:14', '0000-00-00 00:00:00', 1, 0),
(722, 8, 78, 0, 0, 0, 0, 1, '2018-04-16 07:44:14', '0000-00-00 00:00:00', 1, 0),
(723, 7, 70, 0, 0, 0, 0, 1, '2018-04-16 07:44:59', '0000-00-00 00:00:00', 1, 0),
(724, 7, 71, 0, 0, 0, 0, 1, '2018-04-16 07:44:59', '0000-00-00 00:00:00', 1, 0),
(725, 7, 72, 0, 0, 0, 0, 1, '2018-04-16 07:44:59', '0000-00-00 00:00:00', 1, 0),
(726, 7, 73, 0, 0, 0, 0, 1, '2018-04-16 07:44:59', '0000-00-00 00:00:00', 1, 0),
(727, 7, 74, 0, 0, 0, 0, 1, '2018-04-16 07:44:59', '0000-00-00 00:00:00', 1, 0),
(728, 7, 77, 0, 0, 0, 0, 1, '2018-04-16 07:44:59', '0000-00-00 00:00:00', 1, 0),
(729, 7, 75, 0, 0, 0, 0, 1, '2018-04-16 07:44:59', '0000-00-00 00:00:00', 1, 0),
(730, 7, 76, 0, 0, 0, 0, 1, '2018-04-16 07:44:59', '0000-00-00 00:00:00', 1, 0),
(731, 7, 78, 0, 0, 0, 0, 1, '2018-04-16 07:44:59', '0000-00-00 00:00:00', 1, 0),
(732, 6, 70, 0, 0, 0, 0, 1, '2018-04-16 08:15:43', '0000-00-00 00:00:00', 1, 0),
(733, 6, 71, 0, 0, 0, 0, 1, '2018-04-16 08:15:43', '0000-00-00 00:00:00', 1, 0),
(734, 6, 72, 0, 0, 0, 0, 1, '2018-04-16 08:15:43', '0000-00-00 00:00:00', 1, 0),
(735, 6, 73, 0, 0, 0, 0, 1, '2018-04-16 08:15:43', '0000-00-00 00:00:00', 1, 0),
(736, 6, 74, 0, 0, 0, 0, 1, '2018-04-16 08:15:43', '0000-00-00 00:00:00', 1, 0),
(737, 6, 77, 0, 0, 0, 0, 1, '2018-04-16 08:15:43', '0000-00-00 00:00:00', 1, 0),
(738, 6, 75, 0, 0, 1, 0, 1, '2018-04-16 08:15:43', '0000-00-00 00:00:00', 1, 0),
(739, 6, 76, 1, 1, 1, 0, 1, '2018-04-16 08:15:43', '0000-00-00 00:00:00', 1, 0),
(740, 6, 78, 0, 0, 1, 0, 1, '2018-04-16 08:15:43', '0000-00-00 00:00:00', 1, 0),
(741, 2, 70, 1, 1, 1, 0, 1, '2018-04-15 06:05:00', '0000-00-00 00:00:00', 1, 0),
(742, 2, 71, 0, 0, 1, 0, 1, '2018-04-15 06:05:00', '0000-00-00 00:00:00', 1, 0),
(743, 2, 72, 1, 1, 1, 0, 1, '2018-04-15 06:05:00', '0000-00-00 00:00:00', 1, 0),
(744, 2, 73, 1, 1, 1, 0, 1, '2018-04-15 06:05:00', '0000-00-00 00:00:00', 1, 0),
(745, 2, 74, 1, 1, 1, 0, 1, '2018-04-15 06:05:00', '0000-00-00 00:00:00', 1, 0),
(746, 2, 77, 1, 1, 1, 0, 1, '2018-04-15 06:05:00', '0000-00-00 00:00:00', 1, 0),
(747, 2, 75, 1, 1, 1, 0, 1, '2018-04-15 06:05:00', '0000-00-00 00:00:00', 1, 0),
(748, 2, 76, 1, 1, 1, 0, 1, '2018-04-15 06:05:00', '0000-00-00 00:00:00', 1, 0),
(749, 2, 78, 0, 0, 1, 0, 1, '2018-04-15 06:05:00', '0000-00-00 00:00:00', 1, 0),
(750, 13, 70, 0, 0, 0, 0, 1, '2018-04-16 07:42:13', '0000-00-00 00:00:00', 1, 0),
(751, 13, 71, 0, 0, 0, 0, 1, '2018-04-16 07:42:13', '0000-00-00 00:00:00', 1, 0),
(752, 13, 72, 0, 0, 0, 0, 1, '2018-04-16 07:42:13', '0000-00-00 00:00:00', 1, 0),
(753, 13, 73, 0, 0, 0, 0, 1, '2018-04-16 07:42:13', '0000-00-00 00:00:00', 1, 0),
(754, 13, 74, 0, 0, 0, 0, 1, '2018-04-16 07:42:13', '0000-00-00 00:00:00', 1, 0),
(755, 13, 77, 0, 0, 0, 0, 1, '2018-04-16 07:42:13', '0000-00-00 00:00:00', 1, 0),
(756, 13, 75, 0, 0, 0, 0, 1, '2018-04-16 07:42:13', '0000-00-00 00:00:00', 1, 0),
(757, 13, 76, 0, 0, 0, 0, 1, '2018-04-16 07:42:13', '0000-00-00 00:00:00', 1, 0),
(758, 13, 78, 0, 0, 0, 0, 1, '2018-04-16 07:42:13', '0000-00-00 00:00:00', 1, 0),
(759, 5, 70, 0, 0, 0, 0, 1, '2018-04-16 07:50:17', '0000-00-00 00:00:00', 1, 0),
(760, 5, 71, 0, 0, 0, 0, 1, '2018-04-16 07:50:17', '0000-00-00 00:00:00', 1, 0),
(761, 5, 72, 0, 0, 0, 0, 1, '2018-04-16 07:50:17', '0000-00-00 00:00:00', 1, 0),
(762, 5, 73, 0, 0, 0, 0, 1, '2018-04-16 07:50:17', '0000-00-00 00:00:00', 1, 0),
(763, 5, 74, 0, 0, 0, 0, 1, '2018-04-16 07:50:17', '0000-00-00 00:00:00', 1, 0),
(764, 5, 77, 0, 0, 0, 0, 1, '2018-04-16 07:50:17', '0000-00-00 00:00:00', 1, 0),
(765, 5, 75, 0, 0, 0, 0, 1, '2018-04-16 07:50:17', '0000-00-00 00:00:00', 1, 0),
(766, 5, 76, 0, 0, 0, 0, 1, '2018-04-16 07:50:17', '0000-00-00 00:00:00', 1, 0),
(767, 5, 78, 0, 0, 0, 0, 1, '2018-04-16 07:50:17', '0000-00-00 00:00:00', 1, 0);

-- --------------------------------------------------------

--
-- Table structure for table `replies`
--

CREATE TABLE IF NOT EXISTS `replies` (
  `id` int(11) NOT NULL,
  `message_id` int(11) NOT NULL,
  `sender_id` int(11) NOT NULL,
  `receiver_id` int(11) NOT NULL,
  `body` text CHARACTER SET utf8 NOT NULL,
  `attachment` varchar(100) CHARACTER SET utf8 NOT NULL,
  `status` tinyint(1) NOT NULL,
  `created_at` datetime NOT NULL,
  `modified_at` datetime NOT NULL,
  `created_by` int(11) NOT NULL,
  `modified_by` int(11) NOT NULL
) ENGINE=MyISAM DEFAULT CHARSET=latin1;

-- --------------------------------------------------------

--
-- Table structure for table `results`
--

CREATE TABLE IF NOT EXISTS `results` (
  `id` int(11) NOT NULL,
  `exam_id` int(11) NOT NULL,
  `class_id` int(11) NOT NULL,
  `section_id` int(11) NOT NULL,
  `academic_year_id` int(11) NOT NULL,
  `student_id` int(11) NOT NULL,
  `avg_grade_point` float(5,2) NOT NULL,
  `exam_total_mark` int(11) NOT NULL,
  `obtain_total_mark` int(11) NOT NULL,
  `remark` varchar(100) CHARACTER SET utf8 DEFAULT NULL,
  `status` tinyint(1) NOT NULL,
  `created_at` datetime NOT NULL,
  `modified_at` datetime NOT NULL,
  `created_by` int(11) NOT NULL,
  `modified_by` int(11) NOT NULL
) ENGINE=MyISAM AUTO_INCREMENT=11 DEFAULT CHARSET=latin1;


--
-- Table structure for table `roles`
--

CREATE TABLE IF NOT EXISTS `roles` (
  `id` int(11) NOT NULL,
  `slug` varchar(50) CHARACTER SET utf8 NOT NULL,
  `name` varchar(50) CHARACTER SET utf8 NOT NULL,
  `note` varchar(255) CHARACTER SET utf8 NOT NULL,
  `is_default` tinyint(1) NOT NULL DEFAULT '1',
  `status` tinyint(1) NOT NULL DEFAULT '1',
  `created_at` datetime NOT NULL,
  `modified_at` datetime NOT NULL,
  `created_by` int(11) NOT NULL,
  `modified_by` int(11) NOT NULL
) ENGINE=MyISAM AUTO_INCREMENT=15 DEFAULT CHARSET=latin1;

--
-- Dumping data for table `roles`
--

INSERT INTO `roles` (`id`, `slug`, `name`, `note`, `is_default`, `status`, `created_at`, `modified_at`, `created_by`, `modified_by`) VALUES
(1, 'super-admin', 'Super Admin', 'Super Admin User', 1, 1, '2017-08-13 12:15:17', '2018-02-09 01:58:57', 0, 1),
(2, 'admin', 'Admin', 'Admin User', 1, 1, '2017-08-13 13:01:36', '0000-00-00 00:00:00', 0, 0),
(3, 'guardian', 'Guardian', 'Guardian/Parent User', 1, 1, '2017-08-13 13:02:05', '2018-02-09 01:59:22', 0, 1),
(4, 'student', 'Student', 'Student User', 1, 1, '2017-08-13 13:02:24', '2018-02-09 01:59:34', 0, 1),
(5, 'teacher', 'Teacher', 'Teacher User', 1, 1, '2017-08-13 13:02:51', '2018-02-09 01:59:46', 0, 1),
(6, 'accountant', 'Accountant', 'Accountant User', 1, 1, '2017-08-13 13:04:00', '2018-02-09 02:00:07', 0, 1),
(7, 'librarian', 'Librarian', 'Librarian User', 1, 1, '2017-08-13 13:04:18', '2018-02-09 02:00:22', 0, 1),
(8, 'receptioniast', 'Receptioniast', 'Receptionist/ Front Desk User', 1, 1, '2017-08-13 13:04:36', '2018-02-09 02:02:30', 0, 1),
(9, 'staff', 'Staff', 'General Staff User', 0, 1, '2017-08-13 13:05:01', '2018-02-09 02:02:48', 0, 1);

-- --------------------------------------------------------

--
-- Table structure for table `rooms`
--

CREATE TABLE IF NOT EXISTS `rooms` (
  `id` int(11) NOT NULL,
  `hostel_id` int(11) NOT NULL,
  `room_no` varchar(20) CHARACTER SET utf8 NOT NULL,
  `room_type` varchar(10) CHARACTER SET utf8 NOT NULL,
  `total_seat` varchar(50) CHARACTER SET utf8 NOT NULL,
  `cost` decimal(10,2) NOT NULL,
  `note` text CHARACTER SET utf8,
  `status` tinyint(1) NOT NULL,
  `created_at` datetime NOT NULL,
  `modified_at` datetime NOT NULL,
  `created_by` int(11) NOT NULL,
  `modified_by` int(11) NOT NULL
) ENGINE=MyISAM AUTO_INCREMENT=15 DEFAULT CHARSET=latin1;

--
-- Table structure for table `routes`
--

CREATE TABLE IF NOT EXISTS `routes` (
  `id` int(11) NOT NULL,
  `vehicle_ids` varchar(150) CHARACTER SET utf8 NOT NULL,
  `title` varchar(150) CHARACTER SET utf8 NOT NULL,
  `route_start` varchar(255) CHARACTER SET utf8 NOT NULL,
  `route_end` varchar(255) CHARACTER SET utf8 NOT NULL,
  `fare` decimal(10,2) NOT NULL,
  `note` text CHARACTER SET utf8,
  `status` tinyint(1) NOT NULL,
  `created_at` datetime NOT NULL,
  `modified_at` datetime NOT NULL,
  `created_by` int(11) NOT NULL,
  `modified_by` int(11) NOT NULL
) ENGINE=MyISAM AUTO_INCREMENT=15 DEFAULT CHARSET=latin1;

--
-- Table structure for table `routines`
--

CREATE TABLE IF NOT EXISTS `routines` (
  `id` int(11) NOT NULL,
  `class_id` int(11) NOT NULL,
  `section_id` int(11) NOT NULL,
  `subject_id` int(11) NOT NULL,
  `teacher_id` int(11) NOT NULL,
  `academic_year_id` int(11) NOT NULL,
  `day` varchar(20) CHARACTER SET utf8 NOT NULL,
  `start_time` varchar(20) CHARACTER SET utf8 NOT NULL,
  `end_time` varchar(20) CHARACTER SET utf8 NOT NULL,
  `room_no` int(11) NOT NULL,
  `status` tinyint(1) NOT NULL,
  `created_at` datetime NOT NULL,
  `modified_at` datetime NOT NULL,
  `created_by` int(11) NOT NULL,
  `modified_by` int(11) NOT NULL
) ENGINE=MyISAM AUTO_INCREMENT=54 DEFAULT CHARSET=latin1;

--
-- Table structure for table `salary_grades`
--

CREATE TABLE IF NOT EXISTS `salary_grades` (
  `id` int(11) NOT NULL,
  `grade_name` varchar(50) CHARACTER SET utf8 NOT NULL,
  `basic_salary` double(10,2) NOT NULL,
  `house_rent` double(10,2) NOT NULL,
  `transport` double(10,2) NOT NULL,
  `medical` double(10,2) NOT NULL,
  `over_time_hourly_rate` double(10,2) NOT NULL,
  `provident_fund` double(10,2) NOT NULL,
  `hourly_rate` double(10,2) NOT NULL,
  `total_allowance` double(10,2) NOT NULL,
  `total_deduction` double(10,2) NOT NULL,
  `gross_salary` double(10,2) NOT NULL,
  `net_salary` double(10,2) NOT NULL,
  `note` text CHARACTER SET utf8,
  `status` tinyint(1) NOT NULL,
  `created_at` datetime NOT NULL,
  `modified_at` datetime NOT NULL,
  `created_by` int(11) NOT NULL,
  `modified_by` int(11) NOT NULL
) ENGINE=MyISAM AUTO_INCREMENT=6 DEFAULT CHARSET=latin1;

--
-- Table structure for table `salary_payments`
--

CREATE TABLE IF NOT EXISTS `salary_payments` (
  `id` int(11) NOT NULL,
  `user_id` int(11) NOT NULL,
  `salary_grade_id` int(11) NOT NULL,
  `academic_year_id` int(11) NOT NULL,
  `expenditure_id` int(11) NOT NULL,
  `salary_type` varchar(20) CHARACTER SET utf8 NOT NULL,
  `salary_month` varchar(100) CHARACTER SET utf8 NOT NULL,
  `basic_salary` double(10,2) NOT NULL,
  `house_rent` double(10,2) NOT NULL,
  `transport` double(10,2) NOT NULL,
  `medical` double(10,2) NOT NULL,
  `bonus` double(10,2) NOT NULL,
  `over_time_hourly_rate` double(10,2) NOT NULL,
  `over_time_total_hour` double(10,2) NOT NULL,
  `over_time_amount` double(10,2) NOT NULL,
  `provident_fund` double(10,2) NOT NULL,
  `penalty` double(10,2) NOT NULL,
  `hourly_rate` double(10,2) DEFAULT '0.00',
  `total_hour` double(10,2) DEFAULT NULL,
  `gross_salary` double(10,2) NOT NULL,
  `total_allowance` double(10,2) NOT NULL,
  `total_deduction` double(10,2) NOT NULL,
  `net_salary` double(10,2) NOT NULL,
  `payment_method` varchar(20) CHARACTER SET utf8 NOT NULL,
  `cheque_no` varchar(50) CHARACTER SET utf8 DEFAULT NULL,
  `bank_name` varchar(100) CHARACTER SET utf8 DEFAULT NULL,
  `payment_to` varchar(20) CHARACTER SET utf8 NOT NULL,
  `note` text CHARACTER SET utf8,
  `status` tinyint(1) NOT NULL,
  `created_at` datetime NOT NULL,
  `modified_at` datetime NOT NULL,
  `created_by` int(11) NOT NULL,
  `modified_by` int(11) NOT NULL
) ENGINE=MyISAM AUTO_INCREMENT=19 DEFAULT CHARSET=latin1;

--
-- Table structure for table `sections`
--

CREATE TABLE IF NOT EXISTS `sections` (
  `id` int(11) NOT NULL,
  `class_id` int(11) NOT NULL,
  `teacher_id` int(11) NOT NULL,
  `name` varchar(100) CHARACTER SET utf8 NOT NULL,
  `note` text CHARACTER SET utf8 NOT NULL,
  `status` tinyint(1) NOT NULL,
  `created_at` datetime NOT NULL,
  `modified_at` datetime NOT NULL,
  `created_by` int(11) NOT NULL,
  `modified_by` int(11) NOT NULL
) ENGINE=MyISAM AUTO_INCREMENT=22 DEFAULT CHARSET=latin1;

--
-- Table structure for table `settings`
--

CREATE TABLE IF NOT EXISTS `settings` (
  `id` int(11) NOT NULL,
  `school_name` varchar(255) CHARACTER SET utf8 NOT NULL,
  `address` varchar(255) CHARACTER SET utf8 NOT NULL,
  `phone` varchar(15) CHARACTER SET utf8 NOT NULL,
  `email` varchar(50) CHARACTER SET utf8 NOT NULL,
  `currency` varchar(10) CHARACTER SET utf8 NOT NULL,
  `currency_symbol` varchar(10) CHARACTER SET utf8 NOT NULL,
  `language` varchar(50) CHARACTER SET utf8 NOT NULL,
  `footer` text CHARACTER SET utf8 NOT NULL,
  `logo` varchar(120) CHARACTER SET utf8 NOT NULL,
  `running_year` varchar(15) CHARACTER SET utf8 NOT NULL,
  `school_fax` varchar(50) CHARACTER SET utf8 DEFAULT NULL,
  `school_geocode` varchar(100) CHARACTER SET utf8 DEFAULT NULL,
  `facebook_url` varchar(255) CHARACTER SET utf8 DEFAULT NULL,
  `twitter_url` varchar(255) CHARACTER SET utf8 DEFAULT NULL,
  `linkedin_url` varchar(255) CHARACTER SET utf8 DEFAULT NULL,
  `google_plus_url` varchar(255) CHARACTER SET utf8 DEFAULT NULL,
  `youtube_url` varchar(255) CHARACTER SET utf8 DEFAULT NULL,
  `instagram_url` varchar(255) CHARACTER SET utf8 DEFAULT NULL,
  `pinterest_url` varchar(255) CHARACTER SET utf8 DEFAULT NULL,
  `status` tinyint(1) NOT NULL DEFAULT '1',
  `created_at` datetime NOT NULL,
  `modified_at` datetime NOT NULL,
  `created_by` int(11) NOT NULL,
  `modified_by` int(11) NOT NULL
) ENGINE=MyISAM AUTO_INCREMENT=2 DEFAULT CHARSET=latin1;

--
-- Dumping data for table `settings`
--

INSERT INTO `settings` (`id`, `school_name`, `address`, `phone`, `email`, `currency`, `currency_symbol`, `language`, `footer`, `logo`, `running_year`, `school_fax`, `school_geocode`, `facebook_url`, `twitter_url`, `linkedin_url`, `google_plus_url`, `youtube_url`, `instagram_url`, `pinterest_url`, `status`, `created_at`, `modified_at`, `created_by`, `modified_by`) VALUES
(1, 'Windsor Park High School', '10433 Wolverine Way  Bellevue, CA 98456', '0123456789', 'info@gsms.com', 'usd', '$', 'english', 'Copyright  Windsor Park High School 2018', '1523268322-school-logo.png', '2017 - 2018', '', '23.923133, 90.385283', 'https://www.facebook.com/', 'https://twitter.com/', 'https://www.linkedin.com/', 'https://plus.google.com/', 'https://www.youtube.com/', 'https://www.instagram.com/', 'https://www.pinterest.com/', 1, '2017-08-23 09:40:28', '2018-04-09 04:05:22', 1, 1);

-- --------------------------------------------------------

--
-- Table structure for table `sliders`
--

CREATE TABLE IF NOT EXISTS `sliders` (
  `id` int(11) NOT NULL,
  `title` varchar(255) CHARACTER SET utf8 DEFAULT NULL,
  `image` varchar(100) CHARACTER SET utf8 NOT NULL,
  `status` tinyint(1) NOT NULL,
  `created_by` int(11) NOT NULL,
  `modified_by` int(11) NOT NULL,
  `created_at` datetime NOT NULL,
  `modified_at` datetime NOT NULL
) ENGINE=MyISAM AUTO_INCREMENT=7 DEFAULT CHARSET=latin1;

--
-- Table structure for table `sms_settings`
--

CREATE TABLE IF NOT EXISTS `sms_settings` (
  `id` int(11) NOT NULL,
  `clickatell_username` varchar(100) CHARACTER SET utf8 DEFAULT NULL,
  `clickatell_password` varchar(100) CHARACTER SET utf8 DEFAULT NULL,
  `clickatell_api_key` varchar(100) CHARACTER SET utf8 DEFAULT NULL,
  `clickatell_from_number` varchar(50) CHARACTER SET utf8 NOT NULL,
  `clickatell_status` tinyint(1) DEFAULT NULL,
  `twilio_account_sid` varchar(100) CHARACTER SET utf8 DEFAULT NULL,
  `twilio_auth_token` varchar(100) CHARACTER SET utf8 DEFAULT NULL,
  `twilio_from_number` varchar(100) CHARACTER SET utf8 DEFAULT NULL,
  `clickatell_mo_no` varchar(50) CHARACTER SET utf8 NOT NULL,
  `twilio_status` tinyint(1) DEFAULT NULL,
  `bulk_username` varchar(100) CHARACTER SET utf8 DEFAULT NULL,
  `bulk_password` varchar(100) CHARACTER SET utf8 DEFAULT NULL,
  `bulk_status` tinyint(1) DEFAULT NULL,
  `msg91_auth_key` varchar(100) CHARACTER SET utf8 DEFAULT NULL,
  `msg91_sender_id` varchar(100) CHARACTER SET utf8 DEFAULT NULL,
  `msg91_status` tinyint(1) DEFAULT NULL,
  `plivo_auth_id` varchar(100) CHARACTER SET utf8 DEFAULT NULL,
  `plivo_auth_token` varchar(100) CHARACTER SET utf8 DEFAULT NULL,
  `plivo_from_number` varchar(50) CHARACTER SET utf8 NOT NULL,
  `plivo_status` tinyint(1) DEFAULT NULL,
  `status` tinyint(1) NOT NULL,
  `created_at` datetime NOT NULL,
  `modified_at` datetime NOT NULL,
  `created_by` int(11) NOT NULL,
  `modified_by` int(11) NOT NULL
) ENGINE=MyISAM AUTO_INCREMENT=2 DEFAULT CHARSET=latin1;

--
-- Dumping data for table `sms_settings`
--

INSERT INTO `sms_settings` (`id`, `clickatell_username`, `clickatell_password`, `clickatell_api_key`, `clickatell_from_number`, `clickatell_status`, `twilio_account_sid`, `twilio_auth_token`, `twilio_from_number`, `clickatell_mo_no`, `twilio_status`, `bulk_username`, `bulk_password`, `bulk_status`, `msg91_auth_key`, `msg91_sender_id`, `msg91_status`, `plivo_auth_id`, `plivo_auth_token`, `plivo_from_number`, `plivo_status`, `status`, `created_at`, `modified_at`, `created_by`, `modified_by`) VALUES
(1, '', '', '', '', 0, '', '', '', '', 0, '', '', 0, '', '', 0, '', '', '', 0, 0, '2017-08-24 13:22:49', '2018-01-13 05:30:39', 1, 2);

-- --------------------------------------------------------

--
-- Table structure for table `students`
--

CREATE TABLE IF NOT EXISTS `students` (
  `id` int(11) NOT NULL,
  `user_id` int(11) NOT NULL,
  `guardian_id` int(11) NOT NULL,
  `registration_no` varchar(50) CHARACTER SET utf8 NOT NULL,
  `group` varchar(50) CHARACTER SET utf8 NOT NULL,
  `name` varchar(100) CHARACTER SET utf8 NOT NULL,
  `phone` varchar(20) CHARACTER SET utf8 NOT NULL,
  `present_address` varchar(255) CHARACTER SET utf8 DEFAULT NULL,
  `permanent_address` varchar(255) CHARACTER SET utf8 DEFAULT NULL,
  `gender` varchar(10) CHARACTER SET utf8 NOT NULL,
  `blood_group` varchar(10) CHARACTER SET utf8 NOT NULL,
  `religion` varchar(100) CHARACTER SET utf8 DEFAULT NULL,
  `dob` date NOT NULL,
  `photo` varchar(100) CHARACTER SET utf8 DEFAULT NULL,
  `other_info` text,
  `is_library_member` tinyint(1) NOT NULL DEFAULT '0',
  `is_hostel_member` tinyint(1) NOT NULL DEFAULT '0',
  `is_transport_member` tinyint(1) NOT NULL DEFAULT '0',
  `discount` double(10,2) NOT NULL,
  `status` tinyint(1) NOT NULL,
  `created_at` datetime NOT NULL,
  `modified_at` datetime NOT NULL,
  `created_by` int(11) NOT NULL,
  `modified_by` int(11) NOT NULL
) ENGINE=MyISAM AUTO_INCREMENT=29 DEFAULT CHARSET=latin1;

--
-- Table structure for table `student_attendances`
--

CREATE TABLE IF NOT EXISTS `student_attendances` (
  `id` int(11) NOT NULL,
  `student_id` int(11) NOT NULL,
  `academic_year_id` int(11) NOT NULL,
  `class_id` int(11) NOT NULL,
  `section_id` int(11) NOT NULL,
  `month` varchar(10) CHARACTER SET utf8 NOT NULL,
  `year` varchar(10) CHARACTER SET utf8 NOT NULL,
  `day_1` varchar(1) CHARACTER SET utf8 DEFAULT NULL,
  `day_2` varchar(1) CHARACTER SET utf8 DEFAULT NULL,
  `day_3` varchar(1) CHARACTER SET utf8 DEFAULT NULL,
  `day_4` varchar(1) CHARACTER SET utf8 DEFAULT NULL,
  `day_5` varchar(1) CHARACTER SET utf8 DEFAULT NULL,
  `day_6` varchar(1) CHARACTER SET utf8 DEFAULT NULL,
  `day_7` varchar(1) CHARACTER SET utf8 DEFAULT NULL,
  `day_8` varchar(1) CHARACTER SET utf8 DEFAULT NULL,
  `day_9` varchar(1) CHARACTER SET utf8 DEFAULT NULL,
  `day_10` varchar(1) CHARACTER SET utf8 DEFAULT NULL,
  `day_11` varchar(1) CHARACTER SET utf8 DEFAULT NULL,
  `day_12` varchar(1) CHARACTER SET utf8 DEFAULT NULL,
  `day_13` varchar(1) CHARACTER SET utf8 DEFAULT NULL,
  `day_14` varchar(1) CHARACTER SET utf8 DEFAULT NULL,
  `day_15` varchar(1) CHARACTER SET utf8 DEFAULT NULL,
  `day_16` varchar(1) CHARACTER SET utf8 DEFAULT NULL,
  `day_17` varchar(1) CHARACTER SET utf8 DEFAULT NULL,
  `day_18` varchar(1) CHARACTER SET utf8 DEFAULT NULL,
  `day_19` varchar(1) CHARACTER SET utf8 DEFAULT NULL,
  `day_20` varchar(1) CHARACTER SET utf8 DEFAULT NULL,
  `day_21` varchar(1) CHARACTER SET utf8 DEFAULT NULL,
  `day_22` varchar(1) CHARACTER SET utf8 DEFAULT NULL,
  `day_23` varchar(1) CHARACTER SET utf8 DEFAULT NULL,
  `day_24` varchar(1) CHARACTER SET utf8 DEFAULT NULL,
  `day_25` varchar(1) CHARACTER SET utf8 DEFAULT NULL,
  `day_26` varchar(1) CHARACTER SET utf8 DEFAULT NULL,
  `day_27` varchar(1) CHARACTER SET utf8 DEFAULT NULL,
  `day_28` varchar(1) CHARACTER SET utf8 DEFAULT NULL,
  `day_29` varchar(1) CHARACTER SET utf8 DEFAULT NULL,
  `day_30` varchar(1) CHARACTER SET utf8 DEFAULT NULL,
  `day_31` varchar(1) CHARACTER SET utf8 DEFAULT NULL,
  `status` tinyint(1) NOT NULL,
  `created_at` datetime NOT NULL,
  `modified_at` datetime NOT NULL,
  `created_by` int(11) NOT NULL,
  `modified_by` int(11) NOT NULL
) ENGINE=MyISAM AUTO_INCREMENT=26 DEFAULT CHARSET=latin1;

--
-- Table structure for table `subjects`
--

CREATE TABLE IF NOT EXISTS `subjects` (
  `id` int(11) NOT NULL,
  `class_id` int(11) NOT NULL,
  `teacher_id` int(11) NOT NULL,
  `type` varchar(50) CHARACTER SET utf8 NOT NULL,
  `name` varchar(255) CHARACTER SET utf8 NOT NULL,
  `code` varchar(50) CHARACTER SET utf8 NOT NULL,
  `author` varchar(100) CHARACTER SET utf8 NOT NULL,
  `pass_mark` int(11) NOT NULL,
  `full_mark` int(11) NOT NULL,
  `note` text CHARACTER SET utf8 NOT NULL,
  `status` tinyint(1) NOT NULL,
  `created_at` datetime NOT NULL,
  `modified_at` datetime NOT NULL,
  `created_by` int(11) NOT NULL,
  `modified_by` int(11) NOT NULL
) ENGINE=MyISAM AUTO_INCREMENT=19 DEFAULT CHARSET=latin1;


--
-- Table structure for table `suggestions`
--

CREATE TABLE IF NOT EXISTS `suggestions` (
  `id` int(11) NOT NULL,
  `exam_id` int(11) NOT NULL,
  `class_id` int(11) NOT NULL,
  `subject_id` int(11) NOT NULL,
  `academic_year_id` int(11) NOT NULL,
  `title` varchar(255) CHARACTER SET utf8 NOT NULL,
  `note` text CHARACTER SET utf8 COLLATE utf8_estonian_ci,
  `suggestion` varchar(50) CHARACTER SET utf8 DEFAULT NULL,
  `status` tinyint(1) NOT NULL,
  `created_at` datetime NOT NULL,
  `modified_at` datetime NOT NULL,
  `created_by` int(11) NOT NULL,
  `modified_by` int(11) NOT NULL
) ENGINE=MyISAM AUTO_INCREMENT=15 DEFAULT CHARSET=latin1;

--
-- Table structure for table `syllabuses`
--

CREATE TABLE IF NOT EXISTS `syllabuses` (
  `id` int(11) NOT NULL,
  `class_id` int(11) NOT NULL,
  `subject_id` int(11) NOT NULL,
  `academic_year_id` int(11) NOT NULL,
  `title` varchar(255) CHARACTER SET utf8 NOT NULL,
  `syllabus` varchar(255) CHARACTER SET utf8 NOT NULL,
  `note` text CHARACTER SET utf8 NOT NULL,
  `status` tinyint(1) NOT NULL,
  `created_by` int(11) NOT NULL,
  `modified_by` int(11) NOT NULL,
  `created_at` datetime NOT NULL,
  `modified_at` datetime NOT NULL
) ENGINE=MyISAM AUTO_INCREMENT=13 DEFAULT CHARSET=latin1;

--
-- Table structure for table `teachers`
--

CREATE TABLE IF NOT EXISTS `teachers` (
  `id` int(11) NOT NULL,
  `user_id` int(11) NOT NULL,
  `salary_grade_id` int(11) NOT NULL,
  `salary_type` varchar(20) CHARACTER SET utf8 NOT NULL,
  `responsibility` varchar(255) NOT NULL,
  `name` varchar(100) CHARACTER SET utf8 NOT NULL,
  `phone` varchar(20) CHARACTER SET utf8 NOT NULL,
  `present_address` varchar(255) CHARACTER SET utf8 DEFAULT NULL,
  `permanent_address` varchar(255) CHARACTER SET utf8 DEFAULT NULL,
  `gender` varchar(10) CHARACTER SET utf8 NOT NULL,
  `blood_group` varchar(10) CHARACTER SET utf8 NOT NULL,
  `religion` varchar(100) CHARACTER SET utf8 DEFAULT NULL,
  `dob` date NOT NULL,
  `joining_date` date NOT NULL,
  `resign_date` date DEFAULT NULL,
  `photo` varchar(100) CHARACTER SET utf8 DEFAULT NULL,
  `resume` varchar(100) CHARACTER SET utf8 DEFAULT NULL,
  `facebook_url` varchar(255) CHARACTER SET utf8 DEFAULT NULL,
  `linkedin_url` varchar(255) CHARACTER SET utf8 DEFAULT NULL,
  `twitter_url` varchar(255) CHARACTER SET utf8 DEFAULT NULL,
  `google_plus_url` varchar(255) CHARACTER SET utf8 DEFAULT NULL,
  `instagram_url` varchar(255) CHARACTER SET utf8 DEFAULT NULL,
  `youtube_url` varchar(255) CHARACTER SET utf8 DEFAULT NULL,
  `pinterest_url` varchar(255) CHARACTER SET utf8 DEFAULT NULL,
  `is_view_on_web` tinyint(1) NOT NULL DEFAULT '0',
  `other_info` text,
  `status` tinyint(1) NOT NULL,
  `created_at` datetime NOT NULL,
  `modified_at` datetime NOT NULL,
  `created_by` int(11) NOT NULL,
  `modified_by` int(11) NOT NULL
) ENGINE=MyISAM AUTO_INCREMENT=15 DEFAULT CHARSET=latin1;

--
-- Table structure for table `teacher_attendances`
--

CREATE TABLE IF NOT EXISTS `teacher_attendances` (
  `id` int(11) NOT NULL,
  `teacher_id` int(11) NOT NULL,
  `academic_year_id` int(11) NOT NULL,
  `month` varchar(10) CHARACTER SET utf8 NOT NULL,
  `year` varchar(10) CHARACTER SET utf8 NOT NULL,
  `day_1` varchar(1) CHARACTER SET utf8 DEFAULT NULL,
  `day_2` varchar(1) CHARACTER SET utf8 DEFAULT NULL,
  `day_3` varchar(1) CHARACTER SET utf8 DEFAULT NULL,
  `day_4` varchar(1) CHARACTER SET utf8 DEFAULT NULL,
  `day_5` varchar(1) CHARACTER SET utf8 DEFAULT NULL,
  `day_6` varchar(1) CHARACTER SET utf8 DEFAULT NULL,
  `day_7` varchar(1) CHARACTER SET utf8 DEFAULT NULL,
  `day_8` varchar(1) CHARACTER SET utf8 DEFAULT NULL,
  `day_9` varchar(1) CHARACTER SET utf8 DEFAULT NULL,
  `day_10` varchar(1) CHARACTER SET utf8 DEFAULT NULL,
  `day_11` varchar(1) CHARACTER SET utf8 DEFAULT NULL,
  `day_12` varchar(1) CHARACTER SET utf8 DEFAULT NULL,
  `day_13` varchar(1) CHARACTER SET utf8 DEFAULT NULL,
  `day_14` varchar(1) CHARACTER SET utf8 DEFAULT NULL,
  `day_15` varchar(1) CHARACTER SET utf8 DEFAULT NULL,
  `day_16` varchar(1) CHARACTER SET utf8 DEFAULT NULL,
  `day_17` varchar(1) CHARACTER SET utf8 DEFAULT NULL,
  `day_18` varchar(1) CHARACTER SET utf8 DEFAULT NULL,
  `day_19` varchar(1) CHARACTER SET utf8 DEFAULT NULL,
  `day_20` varchar(1) CHARACTER SET utf8 DEFAULT NULL,
  `day_21` varchar(1) CHARACTER SET utf8 DEFAULT NULL,
  `day_22` varchar(1) CHARACTER SET utf8 DEFAULT NULL,
  `day_23` varchar(1) CHARACTER SET utf8 DEFAULT NULL,
  `day_24` varchar(1) CHARACTER SET utf8 DEFAULT NULL,
  `day_25` varchar(1) CHARACTER SET utf8 DEFAULT NULL,
  `day_26` varchar(1) CHARACTER SET utf8 DEFAULT NULL,
  `day_27` varchar(1) CHARACTER SET utf8 DEFAULT NULL,
  `day_28` varchar(1) CHARACTER SET utf8 DEFAULT NULL,
  `day_29` varchar(1) CHARACTER SET utf8 DEFAULT NULL,
  `day_30` varchar(1) CHARACTER SET utf8 DEFAULT NULL,
  `day_31` varchar(1) CHARACTER SET utf8 DEFAULT NULL,
  `status` tinyint(1) NOT NULL,
  `created_at` datetime NOT NULL,
  `modified_at` datetime NOT NULL,
  `created_by` int(11) NOT NULL,
  `modified_by` int(11) NOT NULL
) ENGINE=MyISAM AUTO_INCREMENT=15 DEFAULT CHARSET=latin1;
--
-- Table structure for table `text_messages`
--

CREATE TABLE IF NOT EXISTS `text_messages` (
  `id` int(11) NOT NULL,
  `role_id` int(11) NOT NULL,
  `sender_role_id` int(11) NOT NULL,
  `receivers` text,
  `academic_year_id` int(11) NOT NULL,
  `sms_gateway` varchar(20) CHARACTER SET utf8 NOT NULL,
  `body` text CHARACTER SET utf8 NOT NULL,
  `status` tinyint(1) NOT NULL,
  `created_at` datetime NOT NULL,
  `modified_at` datetime NOT NULL,
  `created_by` int(11) NOT NULL,
  `modified_by` int(11) NOT NULL
) ENGINE=MyISAM DEFAULT CHARSET=latin1;

-- --------------------------------------------------------

--
-- Table structure for table `themes`
--

CREATE TABLE IF NOT EXISTS `themes` (
  `id` int(11) NOT NULL,
  `name` varchar(120) CHARACTER SET utf8 NOT NULL,
  `slug` varchar(120) CHARACTER SET utf8 NOT NULL,
  `color_code` varchar(10) CHARACTER SET utf8 NOT NULL,
  `description` text CHARACTER SET utf8 NOT NULL,
  `is_active` tinyint(1) NOT NULL COMMENT '1 = Active, 0 = Inactive',
  `status` tinyint(1) NOT NULL,
  `created_at` datetime NOT NULL,
  `modified_at` datetime NOT NULL,
  `created_by` int(11) NOT NULL,
  `modified_by` int(11) NOT NULL
) ENGINE=MyISAM AUTO_INCREMENT=13 DEFAULT CHARSET=latin1;

--
-- Dumping data for table `themes`
--

INSERT INTO `themes` (`id`, `name`, `slug`, `color_code`, `description`, `is_active`, `status`, `created_at`, `modified_at`, `created_by`, `modified_by`) VALUES
(1, 'DodgerBlue ', 'dodger-blue', '#1E90FF', 'cbcvbced', 1, 1, '2017-08-18 12:59:25', '2017-08-18 13:03:43', 0, 0),
(2, 'Black ', 'black', '#23282d', 'cbcvbced', 0, 1, '2017-08-18 12:59:25', '2017-08-18 13:03:43', 0, 0),
(3, 'LightSeaGreen ', 'light-sea-green', '#20B2AA', 'cbcvbced', 0, 1, '2017-08-18 12:59:25', '2017-08-18 13:03:43', 0, 0),
(4, 'MediumPurple ', 'medium-purple', '#9370DB', 'cbcvbced', 0, 1, '2017-08-18 12:59:25', '2017-08-18 13:03:43', 0, 0),
(5, 'Orchid', 'orchid', '#DA70D6', 'cbcvbced', 0, 1, '2017-08-18 12:59:25', '2017-08-18 13:03:43', 0, 0),
(6, 'RebeccaPurple ', 'rebecca-purple', '#663399', 'cbcvbced', 0, 1, '2017-08-18 12:59:25', '2017-08-18 13:03:43', 0, 0),
(7, 'Red', 'red', '#e80000', 'cbcvbced', 0, 1, '2017-08-18 12:59:25', '2017-08-18 13:03:43', 0, 0),
(8, 'SlateGray', 'slate-gray', '#2A3F54', 'cbcvbced', 0, 1, '2017-08-18 12:59:25', '2017-08-18 13:03:43', 0, 0),
(9, 'Maroon', 'maroon', '#800000', 'cbcvbced', 0, 1, '2017-08-18 12:59:25', '2017-08-18 13:03:43', 0, 0),
(10, 'DarkOrange', 'dark-orange', '#FF8C00', 'cbcvbced', 0, 1, '2017-08-18 12:59:25', '2017-08-18 13:03:43', 0, 0),
(11, 'DeepPink', 'deep-pink', '#FF1493', 'cbcvbced', 0, 1, '2017-08-18 12:59:25', '2017-08-18 13:03:43', 0, 0),
(12, 'LimeGreen', 'lime-green', '#32CD32', 'cbcvbced', 0, 1, '2017-08-18 12:59:25', '2017-08-18 13:03:43', 0, 0);

-- --------------------------------------------------------

--
-- Table structure for table `transactions`
--

CREATE TABLE IF NOT EXISTS `transactions` (
  `id` int(11) NOT NULL,
  `academic_year_id` int(11) NOT NULL,
  `invoice_id` int(11) NOT NULL,
  `amount` decimal(10,2) NOT NULL,
  `payment_method` varchar(20) CHARACTER SET utf8 NOT NULL,
  `bank_name` varchar(255) CHARACTER SET utf8 NOT NULL,
  `cheque_no` varchar(100) CHARACTER SET utf8 NOT NULL,
  `transaction_id` varchar(100) CHARACTER SET utf8 NOT NULL,
  `payment_date` date NOT NULL,
  `pum_first_name` varchar(50) CHARACTER SET utf8 NOT NULL,
  `pum_email` varchar(50) CHARACTER SET utf8 NOT NULL,
  `pum_phone` varchar(20) CHARACTER SET utf8 NOT NULL,
  `stripe_card_number` varchar(50) CHARACTER SET utf8 NOT NULL,
  `note` text CHARACTER SET utf8 NOT NULL,
  `status` tinyint(1) NOT NULL,
  `created_at` datetime NOT NULL,
  `modified_at` datetime NOT NULL,
  `created_by` int(11) NOT NULL,
  `modified_by` int(11) NOT NULL
) ENGINE=MyISAM AUTO_INCREMENT=11 DEFAULT CHARSET=latin1;

--
-- Table structure for table `transport_members`
--

CREATE TABLE IF NOT EXISTS `transport_members` (
  `id` int(11) NOT NULL,
  `user_id` int(11) NOT NULL,
  `route_id` int(11) NOT NULL,
  `status` tinyint(1) NOT NULL,
  `created_at` datetime NOT NULL,
  `modified_at` datetime NOT NULL,
  `created_by` int(11) NOT NULL,
  `modified_by` int(11) NOT NULL
) ENGINE=MyISAM AUTO_INCREMENT=9 DEFAULT CHARSET=latin1;


--
-- Table structure for table `users`
--

CREATE TABLE IF NOT EXISTS `users` (
  `id` int(11) NOT NULL,
  `role_id` int(11) NOT NULL,
  `password` varchar(100) NOT NULL,
  `temp_password` varchar(255) DEFAULT NULL,
  `email` varchar(30) NOT NULL,
  `reset_key` varchar(100) DEFAULT NULL,
  `status` tinyint(1) NOT NULL DEFAULT '1' COMMENT '1= Active, 0 = InActive',
  `last_logged_in` datetime NOT NULL,
  `created_at` datetime NOT NULL,
  `modified_at` datetime NOT NULL,
  `created_by` int(11) NOT NULL DEFAULT '0',
  `modified_by` int(11) NOT NULL DEFAULT '0'
) ENGINE=MyISAM AUTO_INCREMENT=102 DEFAULT CHARSET=utf8;

--
-- Dumping data for table `users`
--

INSERT INTO `users` (`id`, `role_id`, `password`, `temp_password`, `email`, `reset_key`, `status`, `last_logged_in`, `created_at`, `modified_at`, `created_by`, `modified_by`) VALUES
(1, 1, 'e10adc3949ba59abbe56e057f20f883e', 'MTIzNDU2Nw==', 'superadmin@gsms.com', '', 1, '2018-04-16 06:19:53', '2013-11-15 20:33:03', '2018-01-13 10:51:12', 0, 1);


--
-- Table structure for table `vehicles`
--

CREATE TABLE IF NOT EXISTS `vehicles` (
  `id` int(11) NOT NULL,
  `number` varchar(100) CHARACTER SET utf8 NOT NULL,
  `model` varchar(100) CHARACTER SET utf8 NOT NULL,
  `driver` varchar(100) CHARACTER SET utf8 NOT NULL,
  `license` varchar(100) CHARACTER SET utf8 NOT NULL,
  `contact` varchar(20) CHARACTER SET utf8 NOT NULL,
  `is_allocated` tinyint(1) NOT NULL,
  `note` text CHARACTER SET utf8 NOT NULL,
  `status` tinyint(1) NOT NULL,
  `created_at` datetime NOT NULL,
  `modified_at` datetime NOT NULL,
  `created_by` int(11) NOT NULL,
  `modified_by` int(11) NOT NULL
) ENGINE=MyISAM AUTO_INCREMENT=13 DEFAULT CHARSET=latin1;

--
-- Table structure for table `visitors`
--

CREATE TABLE IF NOT EXISTS `visitors` (
  `id` int(11) NOT NULL,
  `academic_year_id` int(11) NOT NULL,
  `role_id` int(11) NOT NULL,
  `user_id` int(11) NOT NULL,
  `name` varchar(100) CHARACTER SET utf8 NOT NULL,
  `phone` varchar(20) CHARACTER SET utf8 DEFAULT NULL,
  `coming_from` varchar(100) CHARACTER SET utf8 DEFAULT NULL,
  `reason` varchar(20) CHARACTER SET utf8 DEFAULT NULL,
  `check_in` datetime DEFAULT NULL,
  `check_out` datetime DEFAULT NULL,
  `note` text CHARACTER SET utf8 NOT NULL,
  `status` tinyint(1) NOT NULL,
  `created_at` datetime NOT NULL,
  `modified_at` datetime NOT NULL,
  `created_by` int(11) NOT NULL,
  `modified_by` int(11) NOT NULL
) ENGINE=MyISAM AUTO_INCREMENT=7 DEFAULT CHARSET=latin1;


--
-- Indexes for table `academic_years`
--
ALTER TABLE `academic_years`
  ADD PRIMARY KEY (`id`);

--
-- Indexes for table `languages`
--
ALTER TABLE `languages`
  ADD PRIMARY KEY (`id`);


--
-- Indexes for table `assignments`
--
ALTER TABLE `assignments`
  ADD PRIMARY KEY (`id`);

--
-- Indexes for table `books`
--
ALTER TABLE `books`
  ADD PRIMARY KEY (`id`);

--
-- Indexes for table `book_issues`
--
ALTER TABLE `book_issues`
  ADD PRIMARY KEY (`id`);

--
-- Indexes for table `certificates`
--
ALTER TABLE `certificates`
  ADD PRIMARY KEY (`id`);

--
-- Indexes for table `classes`
--
ALTER TABLE `classes`
  ADD PRIMARY KEY (`id`);

--
-- Indexes for table `countries`
--
ALTER TABLE `countries`
  ADD PRIMARY KEY (`id`);

--
-- Indexes for table `designations`
--
ALTER TABLE `designations`
  ADD PRIMARY KEY (`id`);

--
-- Indexes for table `emails`
--
ALTER TABLE `emails`
  ADD PRIMARY KEY (`id`);

--
-- Indexes for table `employees`
--
ALTER TABLE `employees`
  ADD PRIMARY KEY (`id`);

--
-- Indexes for table `employee_attendances`
--
ALTER TABLE `employee_attendances`
  ADD PRIMARY KEY (`id`);

--
-- Indexes for table `enrollments`
--
ALTER TABLE `enrollments`
  ADD PRIMARY KEY (`id`);

--
-- Indexes for table `events`
--
ALTER TABLE `events`
  ADD PRIMARY KEY (`id`);

--
-- Indexes for table `exams`
--
ALTER TABLE `exams`
  ADD PRIMARY KEY (`id`);

--
-- Indexes for table `exam_attendances`
--
ALTER TABLE `exam_attendances`
  ADD PRIMARY KEY (`id`);

--
-- Indexes for table `exam_schedules`
--
ALTER TABLE `exam_schedules`
  ADD PRIMARY KEY (`id`);

--
-- Indexes for table `expenditures`
--
ALTER TABLE `expenditures`
  ADD PRIMARY KEY (`id`);

--
-- Indexes for table `expenditure_heads`
--
ALTER TABLE `expenditure_heads`
  ADD PRIMARY KEY (`id`);

--
-- Indexes for table `galleries`
--
ALTER TABLE `galleries`
  ADD PRIMARY KEY (`id`);

--
-- Indexes for table `gallery_images`
--
ALTER TABLE `gallery_images`
  ADD PRIMARY KEY (`id`);

--
-- Indexes for table `grades`
--
ALTER TABLE `grades`
  ADD PRIMARY KEY (`id`);

--
-- Indexes for table `guardians`
--
ALTER TABLE `guardians`
  ADD PRIMARY KEY (`id`);

--
-- Indexes for table `holidays`
--
ALTER TABLE `holidays`
  ADD PRIMARY KEY (`id`);

--
-- Indexes for table `hostels`
--
ALTER TABLE `hostels`
  ADD PRIMARY KEY (`id`);

--
-- Indexes for table `hostel_members`
--
ALTER TABLE `hostel_members`
  ADD PRIMARY KEY (`id`);

--
-- Indexes for table `income_heads`
--
ALTER TABLE `income_heads`
  ADD PRIMARY KEY (`id`);

--
-- Indexes for table `invoices`
--
ALTER TABLE `invoices`
  ADD PRIMARY KEY (`id`);

--
-- Indexes for table `invoice_logs`
--
ALTER TABLE `invoice_logs`
  ADD PRIMARY KEY (`id`);

--
-- Indexes for table `library_members`
--
ALTER TABLE `library_members`
  ADD PRIMARY KEY (`id`);

--
-- Indexes for table `marks`
--
ALTER TABLE `marks`
  ADD PRIMARY KEY (`id`);

--
-- Indexes for table `mark_emails`
--
ALTER TABLE `mark_emails`
  ADD PRIMARY KEY (`id`);

--
-- Indexes for table `mark_smses`
--
ALTER TABLE `mark_smses`
  ADD PRIMARY KEY (`id`);

--
-- Indexes for table `messages`
--
ALTER TABLE `messages`
  ADD PRIMARY KEY (`id`);

--
-- Indexes for table `message_relationships`
--
ALTER TABLE `message_relationships`
  ADD PRIMARY KEY (`id`);

--
-- Indexes for table `modules`
--
ALTER TABLE `modules`
  ADD PRIMARY KEY (`id`);

--
-- Indexes for table `news`
--
ALTER TABLE `news`
  ADD PRIMARY KEY (`id`);

--
-- Indexes for table `notices`
--
ALTER TABLE `notices`
  ADD PRIMARY KEY (`id`);

--
-- Indexes for table `operations`
--
ALTER TABLE `operations`
  ADD PRIMARY KEY (`id`);

--
-- Indexes for table `pages`
--
ALTER TABLE `pages`
  ADD PRIMARY KEY (`id`), ADD UNIQUE KEY `page_slug` (`page_slug`);

--
-- Indexes for table `payment_settings`
--
ALTER TABLE `payment_settings`
  ADD PRIMARY KEY (`id`);

--
-- Indexes for table `privileges`
--
ALTER TABLE `privileges`
  ADD PRIMARY KEY (`id`);

--
-- Indexes for table `replies`
--
ALTER TABLE `replies`
  ADD PRIMARY KEY (`id`);

--
-- Indexes for table `results`
--
ALTER TABLE `results`
  ADD PRIMARY KEY (`id`);

--
-- Indexes for table `roles`
--
ALTER TABLE `roles`
  ADD PRIMARY KEY (`id`);

--
-- Indexes for table `rooms`
--
ALTER TABLE `rooms`
  ADD PRIMARY KEY (`id`);

--
-- Indexes for table `routes`
--
ALTER TABLE `routes`
  ADD PRIMARY KEY (`id`);

--
-- Indexes for table `routines`
--
ALTER TABLE `routines`
  ADD PRIMARY KEY (`id`);

--
-- Indexes for table `salary_grades`
--
ALTER TABLE `salary_grades`
  ADD PRIMARY KEY (`id`);

--
-- Indexes for table `salary_payments`
--
ALTER TABLE `salary_payments`
  ADD PRIMARY KEY (`id`);

--
-- Indexes for table `sections`
--
ALTER TABLE `sections`
  ADD PRIMARY KEY (`id`);

--
-- Indexes for table `settings`
--
ALTER TABLE `settings`
  ADD PRIMARY KEY (`id`);

--
-- Indexes for table `sliders`
--
ALTER TABLE `sliders`
  ADD PRIMARY KEY (`id`);

--
-- Indexes for table `sms_settings`
--
ALTER TABLE `sms_settings`
  ADD PRIMARY KEY (`id`);

--
-- Indexes for table `students`
--
ALTER TABLE `students`
  ADD PRIMARY KEY (`id`);

--
-- Indexes for table `student_attendances`
--
ALTER TABLE `student_attendances`
  ADD PRIMARY KEY (`id`);

--
-- Indexes for table `subjects`
--
ALTER TABLE `subjects`
  ADD PRIMARY KEY (`id`);

--
-- Indexes for table `suggestions`
--
ALTER TABLE `suggestions`
  ADD PRIMARY KEY (`id`);

--
-- Indexes for table `syllabuses`
--
ALTER TABLE `syllabuses`
  ADD PRIMARY KEY (`id`);

--
-- Indexes for table `teachers`
--
ALTER TABLE `teachers`
  ADD PRIMARY KEY (`id`);

--
-- Indexes for table `teacher_attendances`
--
ALTER TABLE `teacher_attendances`
  ADD PRIMARY KEY (`id`);

--
-- Indexes for table `text_messages`
--
ALTER TABLE `text_messages`
  ADD PRIMARY KEY (`id`);

--
-- Indexes for table `themes`
--
ALTER TABLE `themes`
  ADD PRIMARY KEY (`id`);

--
-- Indexes for table `transactions`
--
ALTER TABLE `transactions`
  ADD PRIMARY KEY (`id`);

--
-- Indexes for table `transport_members`
--
ALTER TABLE `transport_members`
  ADD PRIMARY KEY (`id`);

--
-- Indexes for table `users`
--
ALTER TABLE `users`
  ADD PRIMARY KEY (`id`);

--
-- Indexes for table `vehicles`
--
ALTER TABLE `vehicles`
  ADD PRIMARY KEY (`id`);

--
-- Indexes for table `visitors`
--
ALTER TABLE `visitors`
  ADD PRIMARY KEY (`id`);

--
-- AUTO_INCREMENT for dumped tables
--



--
-- AUTO_INCREMENT for table `academic_years`
--
ALTER TABLE `academic_years`
  MODIFY `id` int(11) NOT NULL AUTO_INCREMENT,AUTO_INCREMENT=4;


--
-- AUTO_INCREMENT for table `languages`
--
ALTER TABLE `languages`
  MODIFY `id` int(11) NOT NULL AUTO_INCREMENT,AUTO_INCREMENT=724;

--
-- AUTO_INCREMENT for table `assignments`
--
ALTER TABLE `assignments`
  MODIFY `id` int(11) NOT NULL AUTO_INCREMENT,AUTO_INCREMENT=11;
--
-- AUTO_INCREMENT for table `books`
--
ALTER TABLE `books`
  MODIFY `id` int(11) NOT NULL AUTO_INCREMENT,AUTO_INCREMENT=8;
--
-- AUTO_INCREMENT for table `book_issues`
--
ALTER TABLE `book_issues`
  MODIFY `id` int(11) NOT NULL AUTO_INCREMENT,AUTO_INCREMENT=7;
--
-- AUTO_INCREMENT for table `certificates`
--
ALTER TABLE `certificates`
  MODIFY `id` int(11) NOT NULL AUTO_INCREMENT,AUTO_INCREMENT=7;
--
-- AUTO_INCREMENT for table `classes`
--
ALTER TABLE `classes`
  MODIFY `id` int(11) NOT NULL AUTO_INCREMENT,AUTO_INCREMENT=11;
--
-- AUTO_INCREMENT for table `countries`
--
ALTER TABLE `countries`
  MODIFY `id` int(5) NOT NULL AUTO_INCREMENT,AUTO_INCREMENT=252;
--
-- AUTO_INCREMENT for table `designations`
--
ALTER TABLE `designations`
  MODIFY `id` int(11) NOT NULL AUTO_INCREMENT,AUTO_INCREMENT=10;
--
-- AUTO_INCREMENT for table `emails`
--
ALTER TABLE `emails`
  MODIFY `id` int(11) NOT NULL AUTO_INCREMENT;
--
-- AUTO_INCREMENT for table `employees`
--
ALTER TABLE `employees`
  MODIFY `id` int(11) NOT NULL AUTO_INCREMENT,AUTO_INCREMENT=11;
--
-- AUTO_INCREMENT for table `employee_attendances`
--
ALTER TABLE `employee_attendances`
  MODIFY `id` int(11) NOT NULL AUTO_INCREMENT,AUTO_INCREMENT=10;
--
-- AUTO_INCREMENT for table `enrollments`
--
ALTER TABLE `enrollments`
  MODIFY `id` int(11) NOT NULL AUTO_INCREMENT,AUTO_INCREMENT=29;
--
-- AUTO_INCREMENT for table `events`
--
ALTER TABLE `events`
  MODIFY `id` int(11) NOT NULL AUTO_INCREMENT,AUTO_INCREMENT=11;
--
-- AUTO_INCREMENT for table `exams`
--
ALTER TABLE `exams`
  MODIFY `id` int(11) NOT NULL AUTO_INCREMENT,AUTO_INCREMENT=4;
--
-- AUTO_INCREMENT for table `exam_attendances`
--
ALTER TABLE `exam_attendances`
  MODIFY `id` int(11) NOT NULL AUTO_INCREMENT,AUTO_INCREMENT=36;
--
-- AUTO_INCREMENT for table `exam_schedules`
--
ALTER TABLE `exam_schedules`
  MODIFY `id` int(11) NOT NULL AUTO_INCREMENT,AUTO_INCREMENT=16;
--
-- AUTO_INCREMENT for table `expenditures`
--
ALTER TABLE `expenditures`
  MODIFY `id` int(11) NOT NULL AUTO_INCREMENT,AUTO_INCREMENT=30;
--
-- AUTO_INCREMENT for table `expenditure_heads`
--
ALTER TABLE `expenditure_heads`
  MODIFY `id` int(11) NOT NULL AUTO_INCREMENT,AUTO_INCREMENT=7;
--
-- AUTO_INCREMENT for table `galleries`
--
ALTER TABLE `galleries`
  MODIFY `id` int(11) NOT NULL AUTO_INCREMENT,AUTO_INCREMENT=5;
--
-- AUTO_INCREMENT for table `gallery_images`
--
ALTER TABLE `gallery_images`
  MODIFY `id` int(11) NOT NULL AUTO_INCREMENT,AUTO_INCREMENT=13;
--
-- AUTO_INCREMENT for table `grades`
--
ALTER TABLE `grades`
  MODIFY `id` int(11) NOT NULL AUTO_INCREMENT,AUTO_INCREMENT=8;
--
-- AUTO_INCREMENT for table `guardians`
--
ALTER TABLE `guardians`
  MODIFY `id` int(11) NOT NULL AUTO_INCREMENT,AUTO_INCREMENT=11;
--
-- AUTO_INCREMENT for table `holidays`
--
ALTER TABLE `holidays`
  MODIFY `id` int(11) NOT NULL AUTO_INCREMENT,AUTO_INCREMENT=11;
--
-- AUTO_INCREMENT for table `hostels`
--
ALTER TABLE `hostels`
  MODIFY `id` int(11) NOT NULL AUTO_INCREMENT,AUTO_INCREMENT=9;
--
-- AUTO_INCREMENT for table `hostel_members`
--
ALTER TABLE `hostel_members`
  MODIFY `id` int(11) NOT NULL AUTO_INCREMENT,AUTO_INCREMENT=7;
--
-- AUTO_INCREMENT for table `income_heads`
--
ALTER TABLE `income_heads`
  MODIFY `id` int(11) NOT NULL AUTO_INCREMENT,AUTO_INCREMENT=9;
--
-- AUTO_INCREMENT for table `invoices`
--
ALTER TABLE `invoices`
  MODIFY `id` int(11) NOT NULL AUTO_INCREMENT,AUTO_INCREMENT=33;
--
-- AUTO_INCREMENT for table `invoice_logs`
--
ALTER TABLE `invoice_logs`
  MODIFY `id` int(11) NOT NULL AUTO_INCREMENT,AUTO_INCREMENT=56;
--
-- AUTO_INCREMENT for table `library_members`
--
ALTER TABLE `library_members`
  MODIFY `id` int(11) NOT NULL AUTO_INCREMENT,AUTO_INCREMENT=11;
--
-- AUTO_INCREMENT for table `marks`
--
ALTER TABLE `marks`
  MODIFY `id` int(11) NOT NULL AUTO_INCREMENT,AUTO_INCREMENT=56;
--
-- AUTO_INCREMENT for table `mark_emails`
--
ALTER TABLE `mark_emails`
  MODIFY `id` int(11) NOT NULL AUTO_INCREMENT,AUTO_INCREMENT=2;
--
-- AUTO_INCREMENT for table `mark_smses`
--
ALTER TABLE `mark_smses`
  MODIFY `id` int(11) NOT NULL AUTO_INCREMENT,AUTO_INCREMENT=2;
--
-- AUTO_INCREMENT for table `messages`
--
ALTER TABLE `messages`
  MODIFY `id` int(11) NOT NULL AUTO_INCREMENT,AUTO_INCREMENT=6;
--
-- AUTO_INCREMENT for table `message_relationships`
--
ALTER TABLE `message_relationships`
  MODIFY `id` int(11) NOT NULL AUTO_INCREMENT,AUTO_INCREMENT=10;
--
-- AUTO_INCREMENT for table `modules`
--
ALTER TABLE `modules`
  MODIFY `id` int(11) NOT NULL AUTO_INCREMENT,AUTO_INCREMENT=27;
--
-- AUTO_INCREMENT for table `news`
--
ALTER TABLE `news`
  MODIFY `id` int(11) NOT NULL AUTO_INCREMENT,AUTO_INCREMENT=11;
--
-- AUTO_INCREMENT for table `notices`
--
ALTER TABLE `notices`
  MODIFY `id` int(11) NOT NULL AUTO_INCREMENT,AUTO_INCREMENT=11;
--
-- AUTO_INCREMENT for table `operations`
--
ALTER TABLE `operations`
  MODIFY `id` int(11) NOT NULL AUTO_INCREMENT,AUTO_INCREMENT=79;
--
-- AUTO_INCREMENT for table `pages`
--
ALTER TABLE `pages`
  MODIFY `id` int(11) NOT NULL AUTO_INCREMENT,AUTO_INCREMENT=4;
--
-- AUTO_INCREMENT for table `payment_settings`
--
ALTER TABLE `payment_settings`
  MODIFY `id` int(11) NOT NULL AUTO_INCREMENT,AUTO_INCREMENT=3;
--
-- AUTO_INCREMENT for table `privileges`
--
ALTER TABLE `privileges`
  MODIFY `id` int(11) NOT NULL AUTO_INCREMENT,AUTO_INCREMENT=768;
--
-- AUTO_INCREMENT for table `replies`
--
ALTER TABLE `replies`
  MODIFY `id` int(11) NOT NULL AUTO_INCREMENT;
--
-- AUTO_INCREMENT for table `results`
--
ALTER TABLE `results`
  MODIFY `id` int(11) NOT NULL AUTO_INCREMENT,AUTO_INCREMENT=11;
--
-- AUTO_INCREMENT for table `roles`
--
ALTER TABLE `roles`
  MODIFY `id` int(11) NOT NULL AUTO_INCREMENT,AUTO_INCREMENT=15;
--
-- AUTO_INCREMENT for table `rooms`
--
ALTER TABLE `rooms`
  MODIFY `id` int(11) NOT NULL AUTO_INCREMENT,AUTO_INCREMENT=15;
--
-- AUTO_INCREMENT for table `routes`
--
ALTER TABLE `routes`
  MODIFY `id` int(11) NOT NULL AUTO_INCREMENT,AUTO_INCREMENT=15;
--
-- AUTO_INCREMENT for table `routines`
--
ALTER TABLE `routines`
  MODIFY `id` int(11) NOT NULL AUTO_INCREMENT,AUTO_INCREMENT=54;
--
-- AUTO_INCREMENT for table `salary_grades`
--
ALTER TABLE `salary_grades`
  MODIFY `id` int(11) NOT NULL AUTO_INCREMENT,AUTO_INCREMENT=6;
--
-- AUTO_INCREMENT for table `salary_payments`
--
ALTER TABLE `salary_payments`
  MODIFY `id` int(11) NOT NULL AUTO_INCREMENT,AUTO_INCREMENT=19;
--
-- AUTO_INCREMENT for table `sections`
--
ALTER TABLE `sections`
  MODIFY `id` int(11) NOT NULL AUTO_INCREMENT,AUTO_INCREMENT=22;
--
-- AUTO_INCREMENT for table `settings`
--
ALTER TABLE `settings`
  MODIFY `id` int(11) NOT NULL AUTO_INCREMENT,AUTO_INCREMENT=2;
--
-- AUTO_INCREMENT for table `sliders`
--
ALTER TABLE `sliders`
  MODIFY `id` int(11) NOT NULL AUTO_INCREMENT,AUTO_INCREMENT=7;
--
-- AUTO_INCREMENT for table `sms_settings`
--
ALTER TABLE `sms_settings`
  MODIFY `id` int(11) NOT NULL AUTO_INCREMENT,AUTO_INCREMENT=2;
--
-- AUTO_INCREMENT for table `students`
--
ALTER TABLE `students`
  MODIFY `id` int(11) NOT NULL AUTO_INCREMENT,AUTO_INCREMENT=29;
--
-- AUTO_INCREMENT for table `student_attendances`
--
ALTER TABLE `student_attendances`
  MODIFY `id` int(11) NOT NULL AUTO_INCREMENT,AUTO_INCREMENT=26;
--
-- AUTO_INCREMENT for table `subjects`
--
ALTER TABLE `subjects`
  MODIFY `id` int(11) NOT NULL AUTO_INCREMENT,AUTO_INCREMENT=19;
--
-- AUTO_INCREMENT for table `suggestions`
--
ALTER TABLE `suggestions`
  MODIFY `id` int(11) NOT NULL AUTO_INCREMENT,AUTO_INCREMENT=15;
--
-- AUTO_INCREMENT for table `syllabuses`
--
ALTER TABLE `syllabuses`
  MODIFY `id` int(11) NOT NULL AUTO_INCREMENT,AUTO_INCREMENT=13;
--
-- AUTO_INCREMENT for table `teachers`
--
ALTER TABLE `teachers`
  MODIFY `id` int(11) NOT NULL AUTO_INCREMENT,AUTO_INCREMENT=15;
--
-- AUTO_INCREMENT for table `teacher_attendances`
--
ALTER TABLE `teacher_attendances`
  MODIFY `id` int(11) NOT NULL AUTO_INCREMENT,AUTO_INCREMENT=15;
--
-- AUTO_INCREMENT for table `text_messages`
--
ALTER TABLE `text_messages`
  MODIFY `id` int(11) NOT NULL AUTO_INCREMENT;
--
-- AUTO_INCREMENT for table `themes`
--
ALTER TABLE `themes`
  MODIFY `id` int(11) NOT NULL AUTO_INCREMENT,AUTO_INCREMENT=13;
--
-- AUTO_INCREMENT for table `transactions`
--
ALTER TABLE `transactions`
  MODIFY `id` int(11) NOT NULL AUTO_INCREMENT,AUTO_INCREMENT=11;
--
-- AUTO_INCREMENT for table `transport_members`
--
ALTER TABLE `transport_members`
  MODIFY `id` int(11) NOT NULL AUTO_INCREMENT,AUTO_INCREMENT=9;
--
-- AUTO_INCREMENT for table `users`
--
ALTER TABLE `users`
  MODIFY `id` int(11) NOT NULL AUTO_INCREMENT,AUTO_INCREMENT=102;
--
-- AUTO_INCREMENT for table `vehicles`
--
ALTER TABLE `vehicles`
  MODIFY `id` int(11) NOT NULL AUTO_INCREMENT,AUTO_INCREMENT=13;
--
-- AUTO_INCREMENT for table `visitors`
--
ALTER TABLE `visitors`
  MODIFY `id` int(11) NOT NULL AUTO_INCREMENT,AUTO_INCREMENT=7;
